file,line,old_name,new_name,exact_reference,classification,safe_to_change,compatibility_needed,action_taken,rollback
database/schema.sql,1,MoneyMachine/legacy paths,WEBSITES/BUISNESSaudits (display only),-- MoneyMachine Database Schema,legacy-reference-review-required,case-by-case,True,Preserved history/legacy reference; use canonical README and root mm,No change; original Git HEAD retained
database/schema.sql.backup,1,MoneyMachine/legacy paths,WEBSITES/BUISNESSaudits (display only),-- MoneyMachine Database Schema,legacy-reference-review-required,case-by-case,True,Preserved history/legacy reference; use canonical README and root mm,No change; original Git HEAD retained
database/schema_original.sql,1,MoneyMachine/legacy paths,WEBSITES/BUISNESSaudits (display only),-- MoneyMachine Database Schema,legacy-reference-review-required,case-by-case,True,Preserved history/legacy reference; use canonical README and root mm,No change; original Git HEAD retained
extract/apply_research.py,6,MoneyMachine/legacy paths,WEBSITES/BUISNESSaudits (display only),"ROOT = Path(""/Users/defaultaccount/HERMES_MONEY_ENGINE"")",legacy-reference-review-required,case-by-case,True,Preserved history/legacy reference; use canonical README and root mm,No change; original Git HEAD retained
extract/build_cartridges.py,7,MoneyMachine/legacy paths,WEBSITES/BUISNESSaudits (display only),"OUT = Path(""/Users/defaultaccount/HERMES_MONEY_ENGINE"")",legacy-reference-review-required,case-by-case,True,Preserved history/legacy reference; use canonical README and root mm,No change; original Git HEAD retained
extract/build_deliverables.py,7,MoneyMachine/legacy paths,WEBSITES/BUISNESSaudits (display only),"OUT = Path(""/Users/defaultaccount/HERMES_MONEY_ENGINE"")",legacy-reference-review-required,case-by-case,True,Preserved history/legacy reference; use canonical README and root mm,No change; original Git HEAD retained
extract/daily_report.py,6,MoneyMachine/legacy paths,WEBSITES/BUISNESSaudits (display only),"OUT = Path(""/Users/defaultaccount/HERMES_MONEY_ENGINE"")",legacy-reference-review-required,case-by-case,True,Preserved history/legacy reference; use canonical README and root mm,No change; original Git HEAD retained
extract/dedupe_score.py,11,MoneyMachine/legacy paths,WEBSITES/BUISNESSaudits (display only),"OUT = Path(""/Users/defaultaccount/HERMES_MONEY_ENGINE"")",legacy-reference-review-required,case-by-case,True,Preserved history/legacy reference; use canonical README and root mm,No change; original Git HEAD retained
extract/extract_engines.py,10,MoneyMachine/legacy paths,WEBSITES/BUISNESSaudits (display only),"SRC = Path(""/Users/defaultaccount/Downloads/HERMES_MEGA_MONEY_ENGINE_SPLIT_5_FILES"")",legacy-reference-review-required,case-by-case,True,Preserved history/legacy reference; use canonical README and root mm,No change; original Git HEAD retained
extract/extract_engines.py,11,MoneyMachine/legacy paths,WEBSITES/BUISNESSaudits (display only),"OUT = Path(""/Users/defaultaccount/HERMES_MONEY_ENGINE"")",legacy-reference-review-required,case-by-case,True,Preserved history/legacy reference; use canonical README and root mm,No change; original Git HEAD retained
money-machine/BATCH_001_CONSOLIDATOR.py,5,MoneyMachine/legacy paths,WEBSITES/BUISNESSaudits (display only),"reports = ""/Users/yabigdd/MoneyMachine/reports""",legacy-reference-review-required,case-by-case,True,Preserved history/legacy reference; use canonical README and root mm,No change; original Git HEAD retained
money-machine/CODEX_VERIFICATION_BUNDLE_2026-09-08/ACCEPTANCE_TEST_RESULTS.md,3,MoneyMachine/legacy paths,WEBSITES/BUISNESSaudits (display only),**Suite:** MoneyMachine Safety + Integrity Tests,legacy-reference-review-required,case-by-case,True,Preserved history/legacy reference; use canonical README and root mm,No change; original Git HEAD retained
money-machine/CODEX_VERIFICATION_BUNDLE_2026-09-08/CHECKSUMS_SHA256.txt,4,MoneyMachine/legacy paths,WEBSITES/BUISNESSaudits (display only),0781c431674ad6ffc6a62b990ef0c1efa3d36a936f09018366e865394ad8536d  /Users/yabigdd/MoneyMachine/database/money_machine.db,legacy-reference-review-required,case-by-case,True,Preserved history/legacy reference; use canonical README and root mm,No change; original Git HEAD retained
money-machine/CODEX_VERIFICATION_BUNDLE_2026-09-08/CHECKSUMS_SHA256.txt,5,MoneyMachine/legacy paths,WEBSITES/BUISNESSaudits (display only),03777791599c15243f1ccb7fc30919790ac3f297fb1e7c521f48eb3602e87b43  /Users/yabigdd/MoneyMachine/reports/CURRENT_STATE.md,legacy-reference-review-required,case-by-case,True,Preserved history/legacy reference; use canonical README and root mm,No change; original Git HEAD retained
money-machine/CODEX_VERIFICATION_BUNDLE_2026-09-08/CHECKSUMS_SHA256.txt,6,MoneyMachine/legacy paths,WEBSITES/BUISNESSaudits (display only),a55c188d62efedbb2d693286bbf64fe86ebb001a7321707b07b1854ac541a446  /Users/yabigdd/MoneyMachine/reports/DAILY_OPERATOR.md,legacy-reference-review-required,case-by-case,True,Preserved history/legacy reference; use canonical README and root mm,No change; original Git HEAD retained
money-machine/CODEX_VERIFICATION_BUNDLE_2026-09-08/CHECKSUMS_SHA256.txt,7,MoneyMachine/legacy paths,WEBSITES/BUISNESSaudits (display only),319ac6edd2019a3f8de957e338b2887429b3354cb238375a5686722c139daf41  /Users/yabigdd/MoneyMachine/reports/KPI_DASHBOARD.md,legacy-reference-review-required,case-by-case,True,Preserved history/legacy reference; use canonical README and root mm,No change; original Git HEAD retained
money-machine/CODEX_VERIFICATION_BUNDLE_2026-09-08/CHECKSUMS_SHA256.txt,8,MoneyMachine/legacy paths,WEBSITES/BUISNESSaudits (display only),13bd99d2bd065ba11137b4d748d5399f08e9d7f2379be297ea005d23e3b71584  /Users/yabigdd/MoneyMachine/reports/TOKEN_AUDIT.md,legacy-reference-review-required,case-by-case,True,Preserved history/legacy reference; use canonical README and root mm,No change; original Git HEAD retained
money-machine/CODEX_VERIFICATION_BUNDLE_2026-09-08/CHECKSUMS_SHA256.txt,9,MoneyMachine/legacy paths,WEBSITES/BUISNESSaudits (display only),75620bf8ccbe7596ef45230c3454d3376fb81e7d918d9f579469314b319bbcf5  /Users/yabigdd/MoneyMachine/outbox/5.md,legacy-reference-review-required,case-by-case,True,Preserved history/legacy reference; use canonical README and root mm,No change; original Git HEAD retained
money-machine/CODEX_VERIFICATION_BUNDLE_2026-09-08/CHECKSUMS_SHA256.txt,10,MoneyMachine/legacy paths,WEBSITES/BUISNESSaudits (display only),995867f90e888c812f633dbf1bbb117bef998f1a5afd3a90a3fef2d5857068df  /Users/yabigdd/MoneyMachine/outbox/15.md,legacy-reference-review-required,case-by-case,True,Preserved history/legacy reference; use canonical README and root mm,No change; original Git HEAD retained
money-machine/CODEX_VERIFICATION_BUNDLE_2026-09-08/CHECKSUMS_SHA256.txt,11,MoneyMachine/legacy paths,WEBSITES/BUISNESSaudits (display only),a01ab00d50472a1ef6db0b932871ebbda83778d890bfb5d40f096f4b85719f8d  /Users/yabigdd/MoneyMachine/proposals/5-pilot.md,legacy-reference-review-required,case-by-case,True,Preserved history/legacy reference; use canonical README and root mm,No change; original Git HEAD retained
money-machine/CODEX_VERIFICATION_BUNDLE_2026-09-08/CHECKSUMS_SHA256.txt,12,MoneyMachine/legacy paths,WEBSITES/BUISNESSaudits (display only),62fc3c45a00b566b7d3d297ff3ff829257e839194f89ac0b6182a6bd0d4ebdc7  /Users/yabigdd/MoneyMachine/proposals/15-pilot.md,legacy-reference-review-required,case-by-case,True,Preserved history/legacy reference; use canonical README and root mm,No change; original Git HEAD retained
money-machine/CODEX_VERIFICATION_BUNDLE_2026-09-08/CHECKSUMS_SHA256.txt,13,MoneyMachine/legacy paths,WEBSITES/BUISNESSaudits (display only),d3657aa07a5b290449507298bc4c2ae2f95c5dda95b58129961e53f0f3d2cb2a  /Users/yabigdd/MoneyMachine/proposals/PILOT_PROPOSAL_TEMPLATE.md,legacy-reference-review-required,case-by-case,True,Preserved history/legacy reference; use canonical README and root mm,No change; original Git HEAD retained
money-machine/CODEX_VERIFICATION_BUNDLE_2026-09-08/CHECKSUMS_SHA256.txt,14,MoneyMachine/legacy paths,WEBSITES/BUISNESSaudits (display only),1da338c97704808c20a8055de312e1ecab2cdcfff8073eaa8d0387c35a4bee42  /Users/yabigdd/MoneyMachine/scripts/mm_operator.py,legacy-reference-review-required,case-by-case,True,Preserved history/legacy reference; use canonical README and root mm,No change; original Git HEAD retained
money-machine/CODEX_VERIFICATION_BUNDLE_2026-09-08/CHECKSUMS_SHA256.txt,15,MoneyMachine/legacy paths,WEBSITES/BUISNESSaudits (display only),6efa0ceb7bfc60d6b0db4b9f5f9bb776569199af4d3d0c2ec9805656adda54c9  /Users/yabigdd/MoneyMachine/scripts/init_db.py,legacy-reference-review-required,case-by-case,True,Preserved history/legacy reference; use canonical README and root mm,No change; original Git HEAD retained
money-machine/CODEX_VERIFICATION_BUNDLE_2026-09-08/CHECKSUMS_SHA256.txt,16,MoneyMachine/legacy paths,WEBSITES/BUISNESSaudits (display only),03a39d82b159710dee6546e4f467b4897387f887e8e56c9d1e84e60da605edf3  /Users/yabigdd/MoneyMachine/scripts/run_dummy_pipeline.py,legacy-reference-review-required,case-by-case,True,Preserved history/legacy reference; use canonical README and root mm,No change; original Git HEAD retained
money-machine/CODEX_VERIFICATION_BUNDLE_2026-09-08/CHECKSUMS_SHA256.txt,17,MoneyMachine/legacy paths,WEBSITES/BUISNESSaudits (display only),d4699506eb8e1341b12865575698b53d34672eee1d30093075b084793dc3fafa  /Users/yabigdd/MoneyMachine/prospects/heat-force/demo/enquiry-form.html,legacy-reference-review-required,case-by-case,True,Preserved history/legacy reference; use canonical README and root mm,No change; original Git HEAD retained
money-machine/CODEX_VERIFICATION_BUNDLE_2026-09-08/CHECKSUMS_SHA256.txt,18,MoneyMachine/legacy paths,WEBSITES/BUISNESSaudits (display only),e0533f444a114315e8f3eb225ee33c045597c4b5cafb56199aa69058b83e885b  /Users/yabigdd/MoneyMachine/prospects/evoke-renovations/demo/testimonial-section.html,legacy-reference-review-required,case-by-case,True,Preserved history/legacy reference; use canonical README and root mm,No change; original Git HEAD retained
money-machine/CODEX_VERIFICATION_BUNDLE_2026-09-08/CODEX_HANDOFF.md,3,MoneyMachine/legacy paths,WEBSITES/BUISNESSaudits (display only),**Purpose:** Concise summary for Codex audit of MoneyMachine system,historical,False,True,Preserved history/legacy reference; use canonical README and root mm,No change; original Git HEAD retained
money-machine/CODEX_VERIFICATION_BUNDLE_2026-09-08/CODEX_HANDOFF.md,15,MoneyMachine/legacy paths,WEBSITES/BUISNESSaudits (display only),"1. Created MoneyMachine workspace (~/MoneyMachine/) with database, scripts, config, reports.",historical,False,True,Preserved history/legacy reference; use canonical README and root mm,No change; original Git HEAD retained
money-machine/CODEX_VERIFICATION_BUNDLE_2026-09-08/CODEX_HANDOFF.md,40,MoneyMachine/legacy paths,WEBSITES/BUISNESSaudits (display only),- **Database:** ~/MoneyMachine/database/money_machine.db,historical,False,True,Preserved history/legacy reference; use canonical README and root mm,No change; original Git HEAD retained
money-machine/CODEX_VERIFICATION_BUNDLE_2026-09-08/CODEX_HANDOFF.md,41,MoneyMachine/legacy paths,WEBSITES/BUISNESSaudits (display only),- **Hermes executable:** /Users/yabigdd/.local/bin/hermes,historical,False,True,Preserved history/legacy reference; use canonical README and root mm,No change; original Git HEAD retained
money-machine/CODEX_VERIFICATION_BUNDLE_2026-09-08/CODEX_HANDOFF.md,42,MoneyMachine/legacy paths,WEBSITES/BUISNESSaudits (display only),- **Hermes install:** /Users/yabigdd/.hermes/hermes-agent,historical,False,True,Preserved history/legacy reference; use canonical README and root mm,No change; original Git HEAD retained
money-machine/CODEX_VERIFICATION_BUNDLE_2026-09-08/CODEX_HANDOFF.md,44,MoneyMachine/legacy paths,WEBSITES/BUISNESSaudits (display only),- **MoneyMachine root:** ~/MoneyMachine/,historical,False,True,Preserved history/legacy reference; use canonical README and root mm,No change; original Git HEAD retained
money-machine/CODEX_VERIFICATION_BUNDLE_2026-09-08/CODEX_HANDOFF.md,45,MoneyMachine/legacy paths,WEBSITES/BUISNESSaudits (display only),- **Operator script:** ~/MoneyMachine/scripts/mm_operator.py,historical,False,True,Preserved history/legacy reference; use canonical README and root mm,No change; original Git HEAD retained
money-machine/CODEX_VERIFICATION_BUNDLE_2026-09-08/CODEX_HANDOFF.md,46,MoneyMachine/legacy paths,WEBSITES/BUISNESSaudits (display only),- **Approval gates:** ~/MoneyMachine/config/approval_gates.yaml,historical,False,True,Preserved history/legacy reference; use canonical README and root mm,No change; original Git HEAD retained
money-machine/CODEX_VERIFICATION_BUNDLE_2026-09-08/CODEX_HANDOFF.md,47,MoneyMachine/legacy paths,WEBSITES/BUISNESSaudits (display only),- **Routing config:** ~/MoneyMachine/control-plane/config/routing.yaml,historical,False,True,Preserved history/legacy reference; use canonical README and root mm,No change; original Git HEAD retained
money-machine/CODEX_VERIFICATION_BUNDLE_2026-09-08/CODEX_HANDOFF.md,48,MoneyMachine/legacy paths,WEBSITES/BUISNESSaudits (display only),- **Outbox:** ~/MoneyMachine/outbox/,historical,False,True,Preserved history/legacy reference; use canonical README and root mm,No change; original Git HEAD retained
money-machine/CODEX_VERIFICATION_BUNDLE_2026-09-08/CODEX_HANDOFF.md,49,MoneyMachine/legacy paths,WEBSITES/BUISNESSaudits (display only),- **Proposals:** ~/MoneyMachine/proposals/,historical,False,True,Preserved history/legacy reference; use canonical README and root mm,No change; original Git HEAD retained
money-machine/CODEX_VERIFICATION_BUNDLE_2026-09-08/CODEX_HANDOFF.md,50,MoneyMachine/legacy paths,WEBSITES/BUISNESSaudits (display only),- **Prospects:** ~/MoneyMachine/prospects/,historical,False,True,Preserved history/legacy reference; use canonical README and root mm,No change; original Git HEAD retained
money-machine/CODEX_VERIFICATION_BUNDLE_2026-09-08/CODEX_HANDOFF.md,51,MoneyMachine/legacy paths,WEBSITES/BUISNESSaudits (display only),- **Reports:** ~/MoneyMachine/reports/,historical,False,True,Preserved history/legacy reference; use canonical README and root mm,No change; original Git HEAD retained
money-machine/CODEX_VERIFICATION_BUNDLE_2026-09-08/DATABASE_SCHEMA.sql,1,MoneyMachine/legacy paths,WEBSITES/BUISNESSaudits (display only),-- MoneyMachine Database Schema,legacy-reference-review-required,case-by-case,True,Preserved history/legacy reference; use canonical README and root mm,No change; original Git HEAD retained
money-machine/CODEX_VERIFICATION_BUNDLE_2026-09-08/DATABASE_SCHEMA.sql,2,MoneyMachine/legacy paths,WEBSITES/BUISNESSaudits (display only),-- Source: ~/MoneyMachine/database/money_machine.db,legacy-reference-review-required,case-by-case,True,Preserved history/legacy reference; use canonical README and root mm,No change; original Git HEAD retained
money-machine/CODEX_VERIFICATION_BUNDLE_2026-09-08/DATABASE_STATE.md,3,MoneyMachine/legacy paths,WEBSITES/BUISNESSaudits (display only),**Database:** ~/MoneyMachine/database/money_machine.db,legacy-reference-review-required,case-by-case,True,Preserved history/legacy reference; use canonical README and root mm,No change; original Git HEAD retained
money-machine/CODEX_VERIFICATION_BUNDLE_2026-09-08/EVOKE_RENOVATIONS_PACKET.md,83,MoneyMachine/legacy paths,WEBSITES/BUISNESSaudits (display only),- **Conclusion:** No actual send has been made for Evoke Renovations through the MoneyMachine system.,legacy-reference-review-required,case-by-case,True,Preserved history/legacy reference; use canonical README and root mm,No change; original Git HEAD retained
money-machine/CODEX_VERIFICATION_BUNDLE_2026-09-08/FILESYSTEM_INVENTORY.txt,1,MoneyMachine/legacy paths,WEBSITES/BUISNESSaudits (display only),# Filesystem Inventory: ~/MoneyMachine,legacy-reference-review-required,case-by-case,True,Preserved history/legacy reference; use canonical README and root mm,No change; original Git HEAD retained
money-machine/CODEX_VERIFICATION_BUNDLE_2026-09-08/FILESYSTEM_INVENTORY.txt,9,MoneyMachine/legacy paths,WEBSITES/BUISNESSaudits (display only),| MoneyMachine/ | dir | - | - |,legacy-reference-review-required,case-by-case,True,Preserved history/legacy reference; use canonical README and root mm,No change; original Git HEAD retained
money-machine/CODEX_VERIFICATION_BUNDLE_2026-09-08/FILESYSTEM_INVENTORY.txt,10,MoneyMachine/legacy paths,WEBSITES/BUISNESSaudits (display only),| MoneyMachine/.env | file | 84B | Sep 4 23:46 |,legacy-reference-review-required,case-by-case,True,Preserved history/legacy reference; use canonical README and root mm,No change; original Git HEAD retained
money-machine/CODEX_VERIFICATION_BUNDLE_2026-09-08/FILESYSTEM_INVENTORY.txt,11,MoneyMachine/legacy paths,WEBSITES/BUISNESSaudits (display only),| MoneyMachine/.gitignore | file | 102B | Sep 5 00:05 |,legacy-reference-review-required,case-by-case,True,Preserved history/legacy reference; use canonical README and root mm,No change; original Git HEAD retained
money-machine/CODEX_VERIFICATION_BUNDLE_2026-09-08/FILESYSTEM_INVENTORY.txt,12,MoneyMachine/legacy paths,WEBSITES/BUISNESSaudits (display only),| MoneyMachine/.git/ | dir | - | - |,legacy-reference-review-required,case-by-case,True,Preserved history/legacy reference; use canonical README and root mm,No change; original Git HEAD retained
money-machine/CODEX_VERIFICATION_BUNDLE_2026-09-08/FILESYSTEM_INVENTORY.txt,13,MoneyMachine/legacy paths,WEBSITES/BUISNESSaudits (display only),| MoneyMachine/BACKUP_MANIFEST.md | file | 11K | Sep 8 02:52 |,legacy-reference-review-required,case-by-case,True,Preserved history/legacy reference; use canonical README and root mm,No change; original Git HEAD retained
money-machine/CODEX_VERIFICATION_BUNDLE_2026-09-08/FILESYSTEM_INVENTORY.txt,14,MoneyMachine/legacy paths,WEBSITES/BUISNESSaudits (display only),| MoneyMachine/CURRENT_STATE.md | file | 17K | Sep 8 02:45 |,legacy-reference-review-required,case-by-case,True,Preserved history/legacy reference; use canonical README and root mm,No change; original Git HEAD retained
money-machine/CODEX_VERIFICATION_BUNDLE_2026-09-08/FILESYSTEM_INVENTORY.txt,15,MoneyMachine/legacy paths,WEBSITES/BUISNESSaudits (display only),| MoneyMachine/EXECUTION_PLAN.md | file | 18K | Sep 8 02:50 |,legacy-reference-review-required,case-by-case,True,Preserved history/legacy reference; use canonical README and root mm,No change; original Git HEAD retained
money-machine/CODEX_VERIFICATION_BUNDLE_2026-09-08/FILESYSTEM_INVENTORY.txt,16,MoneyMachine/legacy paths,WEBSITES/BUISNESSaudits (display only),| MoneyMachine/FIRST_REVENUE.md | file | 5.7K | Sep 8 01:28 |,legacy-reference-review-required,case-by-case,True,Preserved history/legacy reference; use canonical README and root mm,No change; original Git HEAD retained
money-machine/CODEX_VERIFICATION_BUNDLE_2026-09-08/FILESYSTEM_INVENTORY.txt,17,MoneyMachine/legacy paths,WEBSITES/BUISNESSaudits (display only),| MoneyMachine/GAP_ANALYSIS.md | file | 18K | Sep 8 02:48 |,legacy-reference-review-required,case-by-case,True,Preserved history/legacy reference; use canonical README and root mm,No change; original Git HEAD retained
money-machine/CODEX_VERIFICATION_BUNDLE_2026-09-08/FILESYSTEM_INVENTORY.txt,18,MoneyMachine/legacy paths,WEBSITES/BUISNESSaudits (display only),| MoneyMachine/README.md | file | 571B | Sep 8 01:26 |,legacy-reference-review-required,case-by-case,True,Preserved history/legacy reference; use canonical README and root mm,No change; original Git HEAD retained
money-machine/CODEX_VERIFICATION_BUNDLE_2026-09-08/FILESYSTEM_INVENTORY.txt,19,MoneyMachine/legacy paths,WEBSITES/BUISNESSaudits (display only),| MoneyMachine/check_db.py | file | 2.8K | Sep 8 02:05 |,legacy-reference-review-required,case-by-case,True,Preserved history/legacy reference; use canonical README and root mm,No change; original Git HEAD retained
money-machine/CODEX_VERIFICATION_BUNDLE_2026-09-08/FILESYSTEM_INVENTORY.txt,20,MoneyMachine/legacy paths,WEBSITES/BUISNESSaudits (display only),| MoneyMachine/check_db2.py | file | 1.4K | Sep 8 02:08 |,legacy-reference-review-required,case-by-case,True,Preserved history/legacy reference; use canonical README and root mm,No change; original Git HEAD retained
money-machine/CODEX_VERIFICATION_BUNDLE_2026-09-08/FILESYSTEM_INVENTORY.txt,21,MoneyMachine/legacy paths,WEBSITES/BUISNESSaudits (display only),| MoneyMachine/check_routing.py | file | 431B | Sep 8 02:12 |,legacy-reference-review-required,case-by-case,True,Preserved history/legacy reference; use canonical README and root mm,No change; original Git HEAD retained
money-machine/CODEX_VERIFICATION_BUNDLE_2026-09-08/FILESYSTEM_INVENTORY.txt,22,MoneyMachine/legacy paths,WEBSITES/BUISNESSaudits (display only),| MoneyMachine/docker-compose.yml | file | 458B | Sep 4 23:38 |,legacy-reference-review-required,case-by-case,True,Preserved history/legacy reference; use canonical README and root mm,No change; original Git HEAD retained
money-machine/CODEX_VERIFICATION_BUNDLE_2026-09-08/FILESYSTEM_INVENTORY.txt,48,MoneyMachine/legacy paths,WEBSITES/BUISNESSaudits (display only),- MoneyMachine/database/money_machine.db-wal (0B),legacy-reference-review-required,case-by-case,True,Preserved history/legacy reference; use canonical README and root mm,No change; original Git HEAD retained
money-machine/CODEX_VERIFICATION_BUNDLE_2026-09-08/FILESYSTEM_INVENTORY.txt,49,MoneyMachine/legacy paths,WEBSITES/BUISNESSaudits (display only),- MoneyMachine/data/npm-cache/_update-notifier-last-checked (0B),legacy-reference-review-required,case-by-case,True,Preserved history/legacy reference; use canonical README and root mm,No change; original Git HEAD retained
money-machine/CODEX_VERIFICATION_BUNDLE_2026-09-08/FILESYSTEM_INVENTORY.txt,50,MoneyMachine/legacy paths,WEBSITES/BUISNESSaudits (display only),- MoneyMachine/data/playwright/chromium_headless_shell-1223/DEPENDENCIATED_VALIDATED (0B),legacy-reference-review-required,case-by-case,True,Preserved history/legacy reference; use canonical README and root mm,No change; original Git HEAD retained
money-machine/CODEX_VERIFICATION_BUNDLE_2026-09-08/HEAT_FORCE_PACKET.md,83,MoneyMachine/legacy paths,WEBSITES/BUISNESSaudits (display only),- **Conclusion:** No actual send has been made for Heat Force through the MoneyMachine system.,legacy-reference-review-required,case-by-case,True,Preserved history/legacy reference; use canonical README and root mm,No change; original Git HEAD retained
money-machine/CODEX_VERIFICATION_BUNDLE_2026-09-08/HERMES_RUNTIME.md,5,MoneyMachine/legacy paths,WEBSITES/BUISNESSaudits (display only),- **Path:** /Users/yabigdd/.local/bin/hermes,legacy-reference-review-required,case-by-case,True,Preserved history/legacy reference; use canonical README and root mm,No change; original Git HEAD retained
money-machine/CODEX_VERIFICATION_BUNDLE_2026-09-08/HERMES_RUNTIME.md,7,MoneyMachine/legacy paths,WEBSITES/BUISNESSaudits (display only),- **Install directory:** /Users/yabigdd/.hermes/hermes-agent,legacy-reference-review-required,case-by-case,True,Preserved history/legacy reference; use canonical README and root mm,No change; original Git HEAD retained
money-machine/CODEX_VERIFICATION_BUNDLE_2026-09-08/HERMES_RUNTIME.md,9,MoneyMachine/legacy paths,WEBSITES/BUISNESSaudits (display only),- **Python environment:** /Users/yabigdd/.hermes/hermes-agent/venv/bin/python (Python 3.14.7),legacy-reference-review-required,case-by-case,True,Preserved history/legacy reference; use canonical README and root mm,No change; original Git HEAD retained
money-machine/CODEX_VERIFICATION_BUNDLE_2026-09-08/OUTBOUND_PATH_AUDIT.md,18,MoneyMachine/legacy paths,WEBSITES/BUISNESSaudits (display only),- **File:** Not found in MoneyMachine scripts,legacy-reference-review-required,case-by-case,True,Preserved history/legacy reference; use canonical README and root mm,No change; original Git HEAD retained
money-machine/CODEX_VERIFICATION_BUNDLE_2026-09-08/OUTBOUND_PATH_AUDIT.md,26,MoneyMachine/legacy paths,WEBSITES/BUISNESSaudits (display only),- **File:** Not found in MoneyMachine scripts,legacy-reference-review-required,case-by-case,True,Preserved history/legacy reference; use canonical README and root mm,No change; original Git HEAD retained
money-machine/CODEX_VERIFICATION_BUNDLE_2026-09-08/OUTBOUND_PATH_AUDIT.md,34,MoneyMachine/legacy paths,WEBSITES/BUISNESSaudits (display only),- **File:** Not found in MoneyMachine scripts,legacy-reference-review-required,case-by-case,True,Preserved history/legacy reference; use canonical README and root mm,No change; original Git HEAD retained
money-machine/CODEX_VERIFICATION_BUNDLE_2026-09-08/OUTBOUND_PATH_AUDIT.md,42,MoneyMachine/legacy paths,WEBSITES/BUISNESSaudits (display only),- **File:** Not found in MoneyMachine scripts,legacy-reference-review-required,case-by-case,True,Preserved history/legacy reference; use canonical README and root mm,No change; original Git HEAD retained
money-machine/CODEX_VERIFICATION_BUNDLE_2026-09-08/OUTBOUND_PATH_AUDIT.md,50,MoneyMachine/legacy paths,WEBSITES/BUISNESSaudits (display only),- **File:** ~/MoneyMachine/data/playwright/ (chromium installed),legacy-reference-review-required,case-by-case,True,Preserved history/legacy reference; use canonical README and root mm,No change; original Git HEAD retained
money-machine/CODEX_VERIFICATION_BUNDLE_2026-09-08/OUTBOUND_PATH_AUDIT.md,58,MoneyMachine/legacy paths,WEBSITES/BUISNESSaudits (display only),- **File:** ~/MoneyMachine/data/n8n/,legacy-reference-review-required,case-by-case,True,Preserved history/legacy reference; use canonical README and root mm,No change; original Git HEAD retained
money-machine/CODEX_VERIFICATION_BUNDLE_2026-09-08/OUTBOUND_PATH_AUDIT.md,73,MoneyMachine/legacy paths,WEBSITES/BUISNESSaudits (display only),### 9. MoneyMachine mm_operator.py,legacy-reference-review-required,case-by-case,True,Preserved history/legacy reference; use canonical README and root mm,No change; original Git HEAD retained
money-machine/CODEX_VERIFICATION_BUNDLE_2026-09-08/OUTBOUND_PATH_AUDIT.md,74,MoneyMachine/legacy paths,WEBSITES/BUISNESSaudits (display only),- **File:** ~/MoneyMachine/scripts/mm_operator.py,legacy-reference-review-required,case-by-case,True,Preserved history/legacy reference; use canonical README and root mm,No change; original Git HEAD retained
money-machine/CODEX_VERIFICATION_BUNDLE_2026-09-08/PROCESS_AND_SCHEDULE_AUDIT.txt,23,MoneyMachine/legacy paths,WEBSITES/BUISNESSaudits (display only),"Only ai.hermes.gateway.plist (Hermes gateway, not MoneyMachine)",legacy-reference-review-required,case-by-case,True,Preserved history/legacy reference; use canonical README and root mm,No change; original Git HEAD retained
money-machine/CODEX_VERIFICATION_BUNDLE_2026-09-08/PROCESS_AND_SCHEDULE_AUDIT.txt,24,MoneyMachine/legacy paths,WEBSITES/BUISNESSaudits (display only),No MoneyMachine-specific LaunchAgents found.,legacy-reference-review-required,case-by-case,True,Preserved history/legacy reference; use canonical README and root mm,No change; original Git HEAD retained
money-machine/CODEX_VERIFICATION_BUNDLE_2026-09-08/PROCESS_AND_SCHEDULE_AUDIT.txt,27,MoneyMachine/legacy paths,WEBSITES/BUISNESSaudits (display only),"Job 1: ""Money Machine Daily Email Check"" (ID: 946df1bcd233)",legacy-reference-review-required,case-by-case,True,Preserved history/legacy reference; use canonical README and root mm,No change; original Git HEAD retained
money-machine/CODEX_VERIFICATION_BUNDLE_2026-09-08/PROCESS_AND_SCHEDULE_AUDIT.txt,30,MoneyMachine/legacy paths,WEBSITES/BUISNESSaudits (display only),"  - Reason: ""MoneyMachine revenue upgrade: manual operator workflow; per-message approval required; legacy unsubscribe status unresolved""",legacy-reference-review-required,case-by-case,True,Preserved history/legacy reference; use canonical README and root mm,No change; original Git HEAD retained
money-machine/CODEX_VERIFICATION_BUNDLE_2026-09-08/PROCESS_AND_SCHEDULE_AUDIT.txt,33,MoneyMachine/legacy paths,WEBSITES/BUISNESSaudits (display only),"Job 2: ""Money Machine 7-Day Follow-up"" (ID: 9e7ee8d9a697)",legacy-reference-review-required,case-by-case,True,Preserved history/legacy reference; use canonical README and root mm,No change; original Git HEAD retained
money-machine/CODEX_VERIFICATION_BUNDLE_2026-09-08/PROCESS_AND_SCHEDULE_AUDIT.txt,36,MoneyMachine/legacy paths,WEBSITES/BUISNESSaudits (display only),"  - Reason: ""MoneyMachine revenue upgrade: manual operator workflow; per-message approval required; legacy unsubscribe status unresolved""",legacy-reference-review-required,case-by-case,True,Preserved history/legacy reference; use canonical README and root mm,No change; original Git HEAD retained
money-machine/CODEX_VERIFICATION_BUNDLE_2026-09-08/PROCESS_AND_SCHEDULE_AUDIT.txt,41,MoneyMachine/legacy paths,WEBSITES/BUISNESSaudits (display only),- No MoneyMachine-specific persistent supervisors active.,legacy-reference-review-required,case-by-case,True,Preserved history/legacy reference; use canonical README and root mm,No change; original Git HEAD retained
money-machine/CODEX_VERIFICATION_BUNDLE_2026-09-08/REPORT_SNAPSHOTS/CURRENT_STATE.md,1,MoneyMachine/legacy paths,WEBSITES/BUISNESSaudits (display only),# MoneyMachine — Current State Report,legacy-reference-review-required,case-by-case,True,Preserved history/legacy reference; use canonical README and root mm,No change; original Git HEAD retained
money-machine/CODEX_VERIFICATION_BUNDLE_2026-09-08/REPORT_SNAPSHOTS/CURRENT_STATE.md,3,MoneyMachine/legacy paths,WEBSITES/BUISNESSaudits (display only),**Workspace:** ~/MoneyMachine,legacy-reference-review-required,case-by-case,True,Preserved history/legacy reference; use canonical README and root mm,No change; original Git HEAD retained
money-machine/CODEX_VERIFICATION_BUNDLE_2026-09-08/REPORT_SNAPSHOTS/CURRENT_STATE.md,4,MoneyMachine/legacy paths,WEBSITES/BUISNESSaudits (display only),**Database:** ~/MoneyMachine/database/money_machine.db,legacy-reference-review-required,case-by-case,True,Preserved history/legacy reference; use canonical README and root mm,No change; original Git HEAD retained
money-machine/CODEX_VERIFICATION_BUNDLE_2026-09-08/REPORT_SNAPSHOTS/CURRENT_STATE.md,6,MoneyMachine/legacy paths,WEBSITES/BUISNESSaudits (display only),## What MoneyMachine Actually Does,legacy-reference-review-required,case-by-case,True,Preserved history/legacy reference; use canonical README and root mm,No change; original Git HEAD retained
money-machine/CODEX_VERIFICATION_BUNDLE_2026-09-08/REPORT_SNAPSHOTS/CURRENT_STATE.md,8,MoneyMachine/legacy paths,WEBSITES/BUISNESSaudits (display only),MoneyMachine is a local SQLite-backed sales operator for NZ small-business modernization services. It is NOT an agent swarm.,legacy-reference-review-required,case-by-case,True,Preserved history/legacy reference; use canonical README and root mm,No change; original Git HEAD retained
money-machine/CODEX_VERIFICATION_BUNDLE_2026-09-08/REPORT_SNAPSHOTS/CURRENT_STATE.md,35,MoneyMachine/legacy paths,WEBSITES/BUISNESSaudits (display only),"- **No auto-send LaunchAgents**: Only `ai.hermes.gateway.plist` (Hermes gateway, not MoneyMachine)",legacy-reference-review-required,case-by-case,True,Preserved history/legacy reference; use canonical README and root mm,No change; original Git HEAD retained
money-machine/CODEX_VERIFICATION_BUNDLE_2026-09-08/REPORT_SNAPSHOTS/DAILY_OPERATOR.md,1,MoneyMachine/legacy paths,WEBSITES/BUISNESSaudits (display only),# MoneyMachine — Daily Operator,legacy-reference-review-required,case-by-case,True,Preserved history/legacy reference; use canonical README and root mm,No change; original Git HEAD retained
money-machine/CODEX_VERIFICATION_BUNDLE_2026-09-08/REPORT_SNAPSHOTS/KPI_DASHBOARD.md,1,MoneyMachine/legacy paths,WEBSITES/BUISNESSaudits (display only),# MoneyMachine — KPI Dashboard,legacy-reference-review-required,case-by-case,True,Preserved history/legacy reference; use canonical README and root mm,No change; original Git HEAD retained
money-machine/CODEX_VERIFICATION_BUNDLE_2026-09-08/REPORT_SNAPSHOTS/TOKEN_AUDIT.md,1,MoneyMachine/legacy paths,WEBSITES/BUISNESSaudits (display only),# MoneyMachine — Token Audit,legacy-reference-review-required,case-by-case,True,Preserved history/legacy reference; use canonical README and root mm,No change; original Git HEAD retained
money-machine/CODEX_VERIFICATION_BUNDLE_2026-09-08/SESSION_CHANGELOG.md,3,MoneyMachine/legacy paths,WEBSITES/BUISNESSaudits (display only),**Session:** Current MoneyMachine execution (2026-09-04 through 2026-09-08),historical,False,True,Preserved history/legacy reference; use canonical README and root mm,No change; original Git HEAD retained
money-machine/CODEX_VERIFICATION_BUNDLE_2026-09-08/SESSION_CHANGELOG.md,10,MoneyMachine/legacy paths,WEBSITES/BUISNESSaudits (display only),| ~/MoneyMachine/database/money_machine.db | 2026-09-04T11:47:14Z | Initial database creation | Created |,historical,False,True,Preserved history/legacy reference; use canonical README and root mm,No change; original Git HEAD retained
money-machine/CODEX_VERIFICATION_BUNDLE_2026-09-08/SESSION_CHANGELOG.md,11,MoneyMachine/legacy paths,WEBSITES/BUISNESSaudits (display only),| ~/MoneyMachine/database/schema.sql | 2026-09-04T23:39:00Z | Schema export for reference | Created |,historical,False,True,Preserved history/legacy reference; use canonical README and root mm,No change; original Git HEAD retained
money-machine/CODEX_VERIFICATION_BUNDLE_2026-09-08/SESSION_CHANGELOG.md,12,MoneyMachine/legacy paths,WEBSITES/BUISNESSaudits (display only),| ~/MoneyMachine/scripts/init_db.py | 2026-09-04T23:38:00Z | DB initialization script | Created |,historical,False,True,Preserved history/legacy reference; use canonical README and root mm,No change; original Git HEAD retained
money-machine/CODEX_VERIFICATION_BUNDLE_2026-09-08/SESSION_CHANGELOG.md,13,MoneyMachine/legacy paths,WEBSITES/BUISNESSaudits (display only),| ~/MoneyMachine/scripts/run_dummy_pipeline.py | 2026-09-04T23:40:00Z | Synthetic test pipeline | Created |,historical,False,True,Preserved history/legacy reference; use canonical README and root mm,No change; original Git HEAD retained
money-machine/CODEX_VERIFICATION_BUNDLE_2026-09-08/SESSION_CHANGELOG.md,14,MoneyMachine/legacy paths,WEBSITES/BUISNESSaudits (display only),| ~/MoneyMachine/.env | 2026-09-04T23:46:00Z | Environment config (secrets) | Created |,historical,False,True,Preserved history/legacy reference; use canonical README and root mm,No change; original Git HEAD retained
money-machine/CODEX_VERIFICATION_BUNDLE_2026-09-08/SESSION_CHANGELOG.md,15,MoneyMachine/legacy paths,WEBSITES/BUISNESSaudits (display only),| ~/MoneyMachine/.gitignore | 2026-09-05T00:05:00Z | Git ignore rules | Created |,historical,False,True,Preserved history/legacy reference; use canonical README and root mm,No change; original Git HEAD retained
money-machine/CODEX_VERIFICATION_BUNDLE_2026-09-08/SESSION_CHANGELOG.md,16,MoneyMachine/legacy paths,WEBSITES/BUISNESSaudits (display only),| ~/MoneyMachine/docker-compose.yml | 2026-09-04T23:38:00Z | Docker orchestration (unused) | Created |,historical,False,True,Preserved history/legacy reference; use canonical README and root mm,No change; original Git HEAD retained
money-machine/CODEX_VERIFICATION_BUNDLE_2026-09-08/SESSION_CHANGELOG.md,21,MoneyMachine/legacy paths,WEBSITES/BUISNESSaudits (display only),| ~/MoneyMachine/scripts/mm_operator.py | 2026-09-08T01:28:00Z | Local-only operator CLI | Created/Updated |,historical,False,True,Preserved history/legacy reference; use canonical README and root mm,No change; original Git HEAD retained
money-machine/CODEX_VERIFICATION_BUNDLE_2026-09-08/SESSION_CHANGELOG.md,22,MoneyMachine/legacy paths,WEBSITES/BUISNESSaudits (display only),| ~/MoneyMachine/scripts/seed_data.py | 2026-09-08T01:23:00Z | BLOCKED retired script | Created (blocked) |,historical,False,True,Preserved history/legacy reference; use canonical README and root mm,No change; original Git HEAD retained
money-machine/CODEX_VERIFICATION_BUNDLE_2026-09-08/SESSION_CHANGELOG.md,23,MoneyMachine/legacy paths,WEBSITES/BUISNESSaudits (display only),| ~/MoneyMachine/scripts/fix_contacts.py | 2026-09-08T01:23:00Z | BLOCKED retired script | Created (blocked) |,historical,False,True,Preserved history/legacy reference; use canonical README and root mm,No change; original Git HEAD retained
money-machine/CODEX_VERIFICATION_BUNDLE_2026-09-08/SESSION_CHANGELOG.md,24,MoneyMachine/legacy paths,WEBSITES/BUISNESSaudits (display only),| ~/MoneyMachine/scripts/mark_sent.py | 2026-09-08T01:23:00Z | BLOCKED retired script | Created (blocked) |,historical,False,True,Preserved history/legacy reference; use canonical README and root mm,No change; original Git HEAD retained
money-machine/CODEX_VERIFICATION_BUNDLE_2026-09-08/SESSION_CHANGELOG.md,25,MoneyMachine/legacy paths,WEBSITES/BUISNESSaudits (display only),| ~/MoneyMachine/config/HERMES_MASTER_OPERATOR.md | 2026-09-04T05:35:00Z | Master operator config | Created |,historical,False,True,Preserved history/legacy reference; use canonical README and root mm,No change; original Git HEAD retained
money-machine/CODEX_VERIFICATION_BUNDLE_2026-09-08/SESSION_CHANGELOG.md,26,MoneyMachine/legacy paths,WEBSITES/BUISNESSaudits (display only),| ~/MoneyMachine/config/HERMES_MONEY_MACHINE_MASTER_PLAN.md | 2026-09-04T05:35:00Z | Master execution plan | Created |,historical,False,True,Preserved history/legacy reference; use canonical README and root mm,No change; original Git HEAD retained
money-machine/CODEX_VERIFICATION_BUNDLE_2026-09-08/SESSION_CHANGELOG.md,27,MoneyMachine/legacy paths,WEBSITES/BUISNESSaudits (display only),| ~/MoneyMachine/config/approval_gates.yaml | 2026-09-04T23:38:00Z | Approval gates config | Created |,historical,False,True,Preserved history/legacy reference; use canonical README and root mm,No change; original Git HEAD retained
money-machine/CODEX_VERIFICATION_BUNDLE_2026-09-08/SESSION_CHANGELOG.md,28,MoneyMachine/legacy paths,WEBSITES/BUISNESSaudits (display only),| ~/MoneyMachine/data/playwright/ | 2026-09-08T03:31:00Z | Playwright browser binaries | Created |,historical,False,True,Preserved history/legacy reference; use canonical README and root mm,No change; original Git HEAD retained
money-machine/CODEX_VERIFICATION_BUNDLE_2026-09-08/SESSION_CHANGELOG.md,29,MoneyMachine/legacy paths,WEBSITES/BUISNESSaudits (display only),| ~/MoneyMachine/data/n8n/ | 2026-09-05T00:00:00Z | n8n workflow data | Created (empty) |,historical,False,True,Preserved history/legacy reference; use canonical README and root mm,No change; original Git HEAD retained
money-machine/CODEX_VERIFICATION_BUNDLE_2026-09-08/SESSION_CHANGELOG.md,34,MoneyMachine/legacy paths,WEBSITES/BUISNESSaudits (display only),| ~/MoneyMachine/control-plane/ | 2026-09-07T21:00:00Z | Control plane setup | Created |,historical,False,True,Preserved history/legacy reference; use canonical README and root mm,No change; original Git HEAD retained
money-machine/CODEX_VERIFICATION_BUNDLE_2026-09-08/SESSION_CHANGELOG.md,35,MoneyMachine/legacy paths,WEBSITES/BUISNESSaudits (display only),| ~/MoneyMachine/prospects/heat-force/ | 2026-09-07T14:24:13Z | Heat Force sales packet | Created |,historical,False,True,Preserved history/legacy reference; use canonical README and root mm,No change; original Git HEAD retained
money-machine/CODEX_VERIFICATION_BUNDLE_2026-09-08/SESSION_CHANGELOG.md,36,MoneyMachine/legacy paths,WEBSITES/BUISNESSaudits (display only),| ~/MoneyMachine/prospects/evoke-renovations/ | 2026-09-07T14:20:30Z | Evoke Renovations sales packet | Created |,historical,False,True,Preserved history/legacy reference; use canonical README and root mm,No change; original Git HEAD retained
money-machine/CODEX_VERIFICATION_BUNDLE_2026-09-08/SESSION_CHANGELOG.md,37,MoneyMachine/legacy paths,WEBSITES/BUISNESSaudits (display only),| ~/MoneyMachine/BACKUP_MANIFEST.md | 2026-09-08T02:52:00Z | Backup tracking | Created |,historical,False,True,Preserved history/legacy reference; use canonical README and root mm,No change; original Git HEAD retained
money-machine/CODEX_VERIFICATION_BUNDLE_2026-09-08/SESSION_CHANGELOG.md,38,MoneyMachine/legacy paths,WEBSITES/BUISNESSaudits (display only),| ~/MoneyMachine/outbox/5.md | 2026-09-08T02:24:00Z | Heat Force approval queue | Created |,historical,False,True,Preserved history/legacy reference; use canonical README and root mm,No change; original Git HEAD retained
money-machine/CODEX_VERIFICATION_BUNDLE_2026-09-08/SESSION_CHANGELOG.md,39,MoneyMachine/legacy paths,WEBSITES/BUISNESSaudits (display only),| ~/MoneyMachine/outbox/15.md | 2026-09-08T02:32:00Z | Evoke approval queue | Created |,historical,False,True,Preserved history/legacy reference; use canonical README and root mm,No change; original Git HEAD retained
money-machine/CODEX_VERIFICATION_BUNDLE_2026-09-08/SESSION_CHANGELOG.md,40,MoneyMachine/legacy paths,WEBSITES/BUISNESSaudits (display only),| ~/MoneyMachine/proposals/ | 2026-09-08T01:23:43Z | Proposal files created | Created |,historical,False,True,Preserved history/legacy reference; use canonical README and root mm,No change; original Git HEAD retained
money-machine/CODEX_VERIFICATION_BUNDLE_2026-09-08/SESSION_CHANGELOG.md,41,MoneyMachine/legacy paths,WEBSITES/BUISNESSaudits (display only),| ~/MoneyMachine/reports/ | 2026-09-08T02:45:00Z | Report files created | Created |,historical,False,True,Preserved history/legacy reference; use canonical README and root mm,No change; original Git HEAD retained
money-machine/CODEX_VERIFICATION_BUNDLE_2026-09-08/SESSION_CHANGELOG.md,46,MoneyMachine/legacy paths,WEBSITES/BUISNESSaudits (display only),| ~/MoneyMachine/CURRENT_STATE.md | 2026-09-08T02:45:00Z | Current state report | Created |,historical,False,True,Preserved history/legacy reference; use canonical README and root mm,No change; original Git HEAD retained
money-machine/CODEX_VERIFICATION_BUNDLE_2026-09-08/SESSION_CHANGELOG.md,47,MoneyMachine/legacy paths,WEBSITES/BUISNESSaudits (display only),| ~/MoneyMachine/EXECUTION_PLAN.md | 2026-09-08T02:50:00Z | Execution plan | Created |,historical,False,True,Preserved history/legacy reference; use canonical README and root mm,No change; original Git HEAD retained
money-machine/CODEX_VERIFICATION_BUNDLE_2026-09-08/SESSION_CHANGELOG.md,48,MoneyMachine/legacy paths,WEBSITES/BUISNESSaudits (display only),| ~/MoneyMachine/GAP_ANALYSIS.md | 2026-09-08T02:48:00Z | Gap analysis | Created |,historical,False,True,Preserved history/legacy reference; use canonical README and root mm,No change; original Git HEAD retained
money-machine/CODEX_VERIFICATION_BUNDLE_2026-09-08/SESSION_CHANGELOG.md,49,MoneyMachine/legacy paths,WEBSITES/BUISNESSaudits (display only),| ~/MoneyMachine/FIRST_REVENUE.md | 2026-09-08T01:28:00Z | First revenue tracking | Created |,historical,False,True,Preserved history/legacy reference; use canonical README and root mm,No change; original Git HEAD retained
money-machine/CODEX_VERIFICATION_BUNDLE_2026-09-08/SESSION_CHANGELOG.md,50,MoneyMachine/legacy paths,WEBSITES/BUISNESSaudits (display only),| ~/MoneyMachine/reports/SYSTEM_SNAPSHOT_20260908.md | 2026-09-08T03:00:00Z | System snapshot | Created |,historical,False,True,Preserved history/legacy reference; use canonical README and root mm,No change; original Git HEAD retained
money-machine/CODEX_VERIFICATION_BUNDLE_2026-09-08/SESSION_CHANGELOG.md,51,MoneyMachine/legacy paths,WEBSITES/BUISNESSaudits (display only),| ~/MoneyMachine/reports/KPI_DASHBOARD.md | 2026-09-08T02:45:00Z | KPI dashboard | Created |,historical,False,True,Preserved history/legacy reference; use canonical README and root mm,No change; original Git HEAD retained
money-machine/CODEX_VERIFICATION_BUNDLE_2026-09-08/SESSION_CHANGELOG.md,52,MoneyMachine/legacy paths,WEBSITES/BUISNESSaudits (display only),| ~/MoneyMachine/reports/DAILY_OPERATOR.md | 2026-09-08T02:45:00Z | Daily operator report | Created |,historical,False,True,Preserved history/legacy reference; use canonical README and root mm,No change; original Git HEAD retained
money-machine/CODEX_VERIFICATION_BUNDLE_2026-09-08/SESSION_CHANGELOG.md,53,MoneyMachine/legacy paths,WEBSITES/BUISNESSaudits (display only),| ~/MoneyMachine/reports/TOKEN_AUDIT.md | 2026-09-08T02:45:00Z | Token audit | Created |,historical,False,True,Preserved history/legacy reference; use canonical README and root mm,No change; original Git HEAD retained
money-machine/CODEX_VERIFICATION_BUNDLE_2026-09-08/SESSION_CHANGELOG.md,54,MoneyMachine/legacy paths,WEBSITES/BUISNESSaudits (display only),| ~/MoneyMachine/check_db.py | 2026-09-08T02:05:00Z | DB inspection | Created |,historical,False,True,Preserved history/legacy reference; use canonical README and root mm,No change; original Git HEAD retained
money-machine/CODEX_VERIFICATION_BUNDLE_2026-09-08/SESSION_CHANGELOG.md,55,MoneyMachine/legacy paths,WEBSITES/BUISNESSaudits (display only),| ~/MoneyMachine/check_db2.py | 2026-09-08T02:08:00Z | DB inspection | Created |,historical,False,True,Preserved history/legacy reference; use canonical README and root mm,No change; original Git HEAD retained
money-machine/CODEX_VERIFICATION_BUNDLE_2026-09-08/SESSION_CHANGELOG.md,56,MoneyMachine/legacy paths,WEBSITES/BUISNESSaudits (display only),| ~/MoneyMachine/check_routing.py | 2026-09-08T02:12:00Z | Routing check | Created |,historical,False,True,Preserved history/legacy reference; use canonical README and root mm,No change; original Git HEAD retained
money-machine/CODEX_VERIFICATION_BUNDLE_2026-09-08/SESSION_CHANGELOG.md,57,MoneyMachine/legacy paths,WEBSITES/BUISNESSaudits (display only),| ~/MoneyMachine/Daily Operator.command | 2026-09-08T01:28:00Z | macOS launcher | Created |,historical,False,True,Preserved history/legacy reference; use canonical README and root mm,No change; original Git HEAD retained
money-machine/CODEX_VERIFICATION_BUNDLE_2026-09-08/SUPPRESSION_RECONCILIATION.md,57,MoneyMachine/legacy paths,WEBSITES/BUISNESSaudits (display only),These contacts were imported from a previous system and are not associated with current MoneyMachine outreach:,legacy-reference-review-required,case-by-case,True,Preserved history/legacy reference; use canonical README and root mm,No change; original Git HEAD retained
money-machine/CODEX_VERIFICATION_BUNDLE_2026-09-08/SYSTEM_SUMMARY.md,15,MoneyMachine/legacy paths,WEBSITES/BUISNESSaudits (display only),- **Hermes:** /Users/yabigdd/.local/bin/hermes — v0.21.0 (2026.8.31) · upstream 03f3b092,legacy-reference-review-required,case-by-case,True,Preserved history/legacy reference; use canonical README and root mm,No change; original Git HEAD retained
money-machine/CODEX_VERIFICATION_BUNDLE_2026-09-08/SYSTEM_SUMMARY.md,16,MoneyMachine/legacy paths,WEBSITES/BUISNESSaudits (display only),- **Goose:** /Users/yabigdd/.local/bin/goose — 0-byte stub (BROKEN),legacy-reference-review-required,case-by-case,True,Preserved history/legacy reference; use canonical README and root mm,No change; original Git HEAD retained
money-machine/FINAL_CONSOLIDATOR.py,5,MoneyMachine/legacy paths,WEBSITES/BUISNESSaudits (display only),"reports = ""/Users/yabigdd/MoneyMachine/reports""",legacy-reference-review-required,case-by-case,True,Preserved history/legacy reference; use canonical README and root mm,No change; original Git HEAD retained
money-machine/HERMES_MASTER_OPERATOR.md,19,MoneyMachine/legacy paths,WEBSITES/BUISNESSaudits (display only),You are the master economic orchestrator for Dion's Money Machine.,legacy-reference-review-required,case-by-case,True,Preserved history/legacy reference; use canonical README and root mm,No change; original Git HEAD retained
money-machine/HERMES_MONEY_MACHINE_MASTER_PLAN.md,2,MoneyMachine/legacy paths,WEBSITES/BUISNESSaudits (display only),"title: ""Hermes Money Machine — Master Execution Plan""",historical,False,True,Preserved history/legacy reference; use canonical README and root mm,No change; original Git HEAD retained
money-machine/HERMES_MONEY_MACHINE_MASTER_PLAN.md,650,MoneyMachine/legacy paths,WEBSITES/BUISNESSaudits (display only),~/MoneyMachine/,historical,False,True,Preserved history/legacy reference; use canonical README and root mm,No change; original Git HEAD retained
money-machine/HERMES_MONEY_MACHINE_MASTER_PLAN.md,670,MoneyMachine/legacy paths,WEBSITES/BUISNESSaudits (display only),Do not merge Hermes internal state with business data. Business truth belongs under `~/MoneyMachine` or a dedicated database.,historical,False,True,Preserved history/legacy reference; use canonical README and root mm,No change; original Git HEAD retained
money-machine/HERMES_MONEY_MACHINE_MASTER_PLAN.md,747,MoneyMachine/legacy paths,WEBSITES/BUISNESSaudits (display only),## Phase M8 — MoneyMachine Workspace,historical,False,True,Preserved history/legacy reference; use canonical README and root mm,No change; original Git HEAD retained
money-machine/HERMES_MONEY_MACHINE_MASTER_PLAN.md,776,MoneyMachine/legacy paths,WEBSITES/BUISNESSaudits (display only),- create a file inside `~/MoneyMachine/sandbox`;,historical,False,True,Preserved history/legacy reference; use canonical README and root mm,No change; original Git HEAD retained
money-machine/HERMES_MONEY_MACHINE_MASTER_PLAN.md,804,MoneyMachine/legacy paths,WEBSITES/BUISNESSaudits (display only),- create MoneyMachine workspace;,historical,False,True,Preserved history/legacy reference; use canonical README and root mm,No change; original Git HEAD retained
money-machine/JUDGE_SPEC.md,1,MoneyMachine/legacy paths,WEBSITES/BUISNESSaudits (display only),# MoneyMachine Judge Specification,legacy-reference-review-required,case-by-case,True,Preserved history/legacy reference; use canonical README and root mm,No change; original Git HEAD retained
money-machine/MASTER_OPERATOR.md,20,MoneyMachine/legacy paths,WEBSITES/BUISNESSaudits (display only),/Users/yabigdd/.hermes/hermes-agent/venv/bin/python control-plane/scripts/free_role_router.py --role RESEARCHER --prompt-file /absolute/path/to/public-or-synthetic-task.txt,legacy-reference-review-required,case-by-case,True,Preserved history/legacy reference; use canonical README and root mm,No change; original Git HEAD retained
money-machine/MONEY_MACHINE_POLISH_OPERATOR.md,1,MoneyMachine/legacy paths,WEBSITES/BUISNESSaudits (display only),# MoneyMachine polish operator prompt,legacy-reference-review-required,case-by-case,True,Preserved history/legacy reference; use canonical README and root mm,No change; original Git HEAD retained
money-machine/MONEY_MACHINE_POLISH_OPERATOR.md,3,MoneyMachine/legacy paths,WEBSITES/BUISNESSaudits (display only),Paste the following into a new Hermes Desktop chat after confirming the project directory is ~/MoneyMachine and a free model is selected.,legacy-reference-review-required,case-by-case,True,Preserved history/legacy reference; use canonical README and root mm,No change; original Git HEAD retained
money-machine/MONEY_MACHINE_POLISH_OPERATOR.md,5,MoneyMachine/legacy paths,WEBSITES/BUISNESSaudits (display only),"Act as the MoneyMachine orchestrator for ~/MoneyMachine. Audit, repair, consolidate, and polish the existing system, using these sequential roles: SYSTEM_DOCTOR, MONEY_MACHINE_AUDITOR, MASTER_ORCHESTRATOR, QUALITY_CONTROLLER. Follow PLAN → PREFLIGHT → EXECUTE → VERIFY → PROOF → RECORD → OPTIMISE.",legacy-reference-review-required,case-by-case,True,Preserved history/legacy reference; use canonical README and root mm,No change; original Git HEAD retained
money-machine/PROMPTS/dispatch_judges.py,2,MoneyMachine/legacy paths,WEBSITES/BUISNESSaudits (display only),"raise SystemExit(""BLOCKED: legacy delegate_task bypass retired. MoneyMachine model execution is paused; use mm run-day."")",legacy-reference-review-required,case-by-case,True,Preserved history/legacy reference; use canonical README and root mm,No change; original Git HEAD retained
money-machine/PROMPTS/judge_aes.md,1,MoneyMachine/legacy paths,WEBSITES/BUISNESSaudits (display only),Act as JUDGE for MoneyMachine Batch 001. Review this opportunity independently.,legacy-reference-review-required,case-by-case,True,Preserved history/legacy reference; use canonical README and root mm,No change; original Git HEAD retained
money-machine/PROMPTS/judge_aes.md,10,MoneyMachine/legacy paths,WEBSITES/BUISNESSaudits (display only),Read the full audit at /Users/yabigdd/MoneyMachine/reports/AES_AUDIT_aes.json,legacy-reference-review-required,case-by-case,True,Preserved history/legacy reference; use canonical README and root mm,No change; original Git HEAD retained
money-machine/PROMPTS/judge_aes.md,11,MoneyMachine/legacy paths,WEBSITES/BUISNESSaudits (display only),Read the scoring rubric at /Users/yabigdd/MoneyMachine/control-plane/SCORING_RUBRIC.md,legacy-reference-review-required,case-by-case,True,Preserved history/legacy reference; use canonical README and root mm,No change; original Git HEAD retained
money-machine/PROMPTS/judge_aes.md,12,MoneyMachine/legacy paths,WEBSITES/BUISNESSaudits (display only),Read the judge spec at /Users/yabigdd/MoneyMachine/control-plane/JUDGE_SPEC.md,legacy-reference-review-required,case-by-case,True,Preserved history/legacy reference; use canonical README and root mm,No change; original Git HEAD retained
money-machine/PROMPTS/judge_aes.md,22,MoneyMachine/legacy paths,WEBSITES/BUISNESSaudits (display only),Write your decision as JSON to /Users/yabigdd/MoneyMachine/reports/JUDGE_aes.json,legacy-reference-review-required,case-by-case,True,Preserved history/legacy reference; use canonical README and root mm,No change; original Git HEAD retained
money-machine/PROMPTS/judge_atl.txt,1,MoneyMachine/legacy paths,WEBSITES/BUISNESSaudits (display only),Act as JUDGE for MoneyMachine Batch 001. Review this opportunity independently.,legacy-reference-review-required,case-by-case,True,Preserved history/legacy reference; use canonical README and root mm,No change; original Git HEAD retained
money-machine/PROMPTS/judge_atl.txt,7,MoneyMachine/legacy paths,WEBSITES/BUISNESSaudits (display only),Read the full audit at /Users/yabigdd/MoneyMachine/reports/AUDIT_atl_audit.json (may not exist — use what you have),legacy-reference-review-required,case-by-case,True,Preserved history/legacy reference; use canonical README and root mm,No change; original Git HEAD retained
money-machine/PROMPTS/judge_atl.txt,8,MoneyMachine/legacy paths,WEBSITES/BUISNESSaudits (display only),Read the scoring rubric at /Users/yabigdd/MoneyMachine/control-plane/SCORING_RUBRIC.md,legacy-reference-review-required,case-by-case,True,Preserved history/legacy reference; use canonical README and root mm,No change; original Git HEAD retained
money-machine/PROMPTS/judge_atl.txt,9,MoneyMachine/legacy paths,WEBSITES/BUISNESSaudits (display only),Read the judge spec at /Users/yabigdd/MoneyMachine/control-plane/JUDGE_SPEC.md,legacy-reference-review-required,case-by-case,True,Preserved history/legacy reference; use canonical README and root mm,No change; original Git HEAD retained
money-machine/PROMPTS/judge_atl.txt,13,MoneyMachine/legacy paths,WEBSITES/BUISNESSaudits (display only),Write your decision as JSON to /Users/yabigdd/MoneyMachine/reports/JUDGE_atl.json,legacy-reference-review-required,case-by-case,True,Preserved history/legacy reference; use canonical README and root mm,No change; original Git HEAD retained
money-machine/PROMPTS/judge_atl_heat_pumps.txt,1,MoneyMachine/legacy paths,WEBSITES/BUISNESSaudits (display only),Act as JUDGE for MoneyMachine Batch 001. Review this opportunity independently.,legacy-reference-review-required,case-by-case,True,Preserved history/legacy reference; use canonical README and root mm,No change; original Git HEAD retained
money-machine/PROMPTS/judge_atl_heat_pumps.txt,9,MoneyMachine/legacy paths,WEBSITES/BUISNESSaudits (display only),Read the full audit at /Users/yabigdd/MoneyMachine/reports/AUDIT_atl_heat_pumps.json,legacy-reference-review-required,case-by-case,True,Preserved history/legacy reference; use canonical README and root mm,No change; original Git HEAD retained
money-machine/PROMPTS/judge_atl_heat_pumps.txt,10,MoneyMachine/legacy paths,WEBSITES/BUISNESSaudits (display only),Read the scoring rubric at /Users/yabigdd/MoneyMachine/control-plane/SCORING_RUBRIC.md,legacy-reference-review-required,case-by-case,True,Preserved history/legacy reference; use canonical README and root mm,No change; original Git HEAD retained
money-machine/PROMPTS/judge_atl_heat_pumps.txt,11,MoneyMachine/legacy paths,WEBSITES/BUISNESSaudits (display only),Read the judge spec at /Users/yabigdd/MoneyMachine/control-plane/JUDGE_SPEC.md,legacy-reference-review-required,case-by-case,True,Preserved history/legacy reference; use canonical README and root mm,No change; original Git HEAD retained
money-machine/PROMPTS/judge_atl_heat_pumps.txt,19,MoneyMachine/legacy paths,WEBSITES/BUISNESSaudits (display only),Write your decision as JSON to /Users/yabigdd/MoneyMachine/reports/JUDGE_atl_heat_pumps.json,legacy-reference-review-required,case-by-case,True,Preserved history/legacy reference; use canonical README and root mm,No change; original Git HEAD retained
money-machine/PROMPTS/judge_blizzard.md,1,MoneyMachine/legacy paths,WEBSITES/BUISNESSaudits (display only),Act as JUDGE for MoneyMachine Batch 001. Review this opportunity independently.,legacy-reference-review-required,case-by-case,True,Preserved history/legacy reference; use canonical README and root mm,No change; original Git HEAD retained
money-machine/PROMPTS/judge_blizzard.md,10,MoneyMachine/legacy paths,WEBSITES/BUISNESSaudits (display only),Read the full audit at /Users/yabigdd/MoneyMachine/reports/AUDIT_blizzard_hvac.json,legacy-reference-review-required,case-by-case,True,Preserved history/legacy reference; use canonical README and root mm,No change; original Git HEAD retained
money-machine/PROMPTS/judge_blizzard.md,11,MoneyMachine/legacy paths,WEBSITES/BUISNESSaudits (display only),Read the scoring rubric at /Users/yabigdd/MoneyMachine/control-plane/SCORING_RUBRIC.md,legacy-reference-review-required,case-by-case,True,Preserved history/legacy reference; use canonical README and root mm,No change; original Git HEAD retained
money-machine/PROMPTS/judge_blizzard.md,19,MoneyMachine/legacy paths,WEBSITES/BUISNESSaudits (display only),Write your decision as JSON to /Users/yabigdd/MoneyMachine/reports/JUDGE_blizzard_hvac.json,legacy-reference-review-required,case-by-case,True,Preserved history/legacy reference; use canonical README and root mm,No change; original Git HEAD retained
money-machine/PROMPTS/judge_butterfield.md,1,MoneyMachine/legacy paths,WEBSITES/BUISNESSaudits (display only),Act as JUDGE for MoneyMachine Batch 001. Review this opportunity independently.,legacy-reference-review-required,case-by-case,True,Preserved history/legacy reference; use canonical README and root mm,No change; original Git HEAD retained
money-machine/PROMPTS/judge_butterfield.md,11,MoneyMachine/legacy paths,WEBSITES/BUISNESSaudits (display only),Read the full audit at /Users/yabigdd/MoneyMachine/reports/AUDIT_butterfield_bathrooms.json,legacy-reference-review-required,case-by-case,True,Preserved history/legacy reference; use canonical README and root mm,No change; original Git HEAD retained
money-machine/PROMPTS/judge_butterfield.md,12,MoneyMachine/legacy paths,WEBSITES/BUISNESSaudits (display only),Read the scoring rubric at /Users/yabigdd/MoneyMachine/control-plane/SCORING_RUBRIC.md,legacy-reference-review-required,case-by-case,True,Preserved history/legacy reference; use canonical README and root mm,No change; original Git HEAD retained
money-machine/PROMPTS/judge_butterfield.md,20,MoneyMachine/legacy paths,WEBSITES/BUISNESSaudits (display only),Write your decision as JSON to /Users/yabigdd/MoneyMachine/reports/JUDGE_butterfield_bathrooms.json,legacy-reference-review-required,case-by-case,True,Preserved history/legacy reference; use canonical README and root mm,No change; original Git HEAD retained
money-machine/PROMPTS/judge_chch_renovations.md,1,MoneyMachine/legacy paths,WEBSITES/BUISNESSaudits (display only),Act as JUDGE for MoneyMachine Batch 001. Review this opportunity independently.,legacy-reference-review-required,case-by-case,True,Preserved history/legacy reference; use canonical README and root mm,No change; original Git HEAD retained
money-machine/PROMPTS/judge_chch_renovations.md,9,MoneyMachine/legacy paths,WEBSITES/BUISNESSaudits (display only),Read the full audit at /Users/yabigdd/MoneyMachine/reports/AUDIT_christchurch_renovations.json,legacy-reference-review-required,case-by-case,True,Preserved history/legacy reference; use canonical README and root mm,No change; original Git HEAD retained
money-machine/PROMPTS/judge_chch_renovations.md,10,MoneyMachine/legacy paths,WEBSITES/BUISNESSaudits (display only),Read the scoring rubric at /Users/yabigdd/MoneyMachine/control-plane/SCORING_RUBRIC.md,legacy-reference-review-required,case-by-case,True,Preserved history/legacy reference; use canonical README and root mm,No change; original Git HEAD retained
money-machine/PROMPTS/judge_chch_renovations.md,11,MoneyMachine/legacy paths,WEBSITES/BUISNESSaudits (display only),Read the judge spec at /Users/yabigdd/MoneyMachine/control-plane/JUDGE_SPEC.md,legacy-reference-review-required,case-by-case,True,Preserved history/legacy reference; use canonical README and root mm,No change; original Git HEAD retained
money-machine/PROMPTS/judge_chch_renovations.md,20,MoneyMachine/legacy paths,WEBSITES/BUISNESSaudits (display only),Write your decision as JSON to /Users/yabigdd/MoneyMachine/reports/JUDGE_christchurch_renovations.json,legacy-reference-review-required,case-by-case,True,Preserved history/legacy reference; use canonical README and root mm,No change; original Git HEAD retained
money-machine/PROMPTS/judge_chch_renovations.txt,1,MoneyMachine/legacy paths,WEBSITES/BUISNESSaudits (display only),Act as JUDGE for MoneyMachine Batch 001. Review this opportunity independently.,legacy-reference-review-required,case-by-case,True,Preserved history/legacy reference; use canonical README and root mm,No change; original Git HEAD retained
money-machine/PROMPTS/judge_chch_renovations.txt,7,MoneyMachine/legacy paths,WEBSITES/BUISNESSaudits (display only),Read the full audit at /Users/yabigdd/MoneyMachine/reports/AUDIT_chch_renovations_audit.json (may not exist — use what you have),legacy-reference-review-required,case-by-case,True,Preserved history/legacy reference; use canonical README and root mm,No change; original Git HEAD retained
money-machine/PROMPTS/judge_chch_renovations.txt,8,MoneyMachine/legacy paths,WEBSITES/BUISNESSaudits (display only),Read the scoring rubric at /Users/yabigdd/MoneyMachine/control-plane/SCORING_RUBRIC.md,legacy-reference-review-required,case-by-case,True,Preserved history/legacy reference; use canonical README and root mm,No change; original Git HEAD retained
money-machine/PROMPTS/judge_chch_renovations.txt,9,MoneyMachine/legacy paths,WEBSITES/BUISNESSaudits (display only),Read the judge spec at /Users/yabigdd/MoneyMachine/control-plane/JUDGE_SPEC.md,legacy-reference-review-required,case-by-case,True,Preserved history/legacy reference; use canonical README and root mm,No change; original Git HEAD retained
money-machine/PROMPTS/judge_chch_renovations.txt,13,MoneyMachine/legacy paths,WEBSITES/BUISNESSaudits (display only),Write your decision as JSON to /Users/yabigdd/MoneyMachine/reports/JUDGE_chch_renovations.json,legacy-reference-review-required,case-by-case,True,Preserved history/legacy reference; use canonical README and root mm,No change; original Git HEAD retained
money-machine/PROMPTS/judge_evoke.txt,1,MoneyMachine/legacy paths,WEBSITES/BUISNESSaudits (display only),Act as JUDGE for MoneyMachine Batch 001. Review this opportunity independently.,legacy-reference-review-required,case-by-case,True,Preserved history/legacy reference; use canonical README and root mm,No change; original Git HEAD retained
money-machine/PROMPTS/judge_evoke.txt,7,MoneyMachine/legacy paths,WEBSITES/BUISNESSaudits (display only),Read the full audit at /Users/yabigdd/MoneyMachine/reports/AUDIT_evoke_audit.json (may not exist — use what you have),legacy-reference-review-required,case-by-case,True,Preserved history/legacy reference; use canonical README and root mm,No change; original Git HEAD retained
money-machine/PROMPTS/judge_evoke.txt,8,MoneyMachine/legacy paths,WEBSITES/BUISNESSaudits (display only),Read the scoring rubric at /Users/yabigdd/MoneyMachine/control-plane/SCORING_RUBRIC.md,legacy-reference-review-required,case-by-case,True,Preserved history/legacy reference; use canonical README and root mm,No change; original Git HEAD retained
money-machine/PROMPTS/judge_evoke.txt,9,MoneyMachine/legacy paths,WEBSITES/BUISNESSaudits (display only),Read the judge spec at /Users/yabigdd/MoneyMachine/control-plane/JUDGE_SPEC.md,legacy-reference-review-required,case-by-case,True,Preserved history/legacy reference; use canonical README and root mm,No change; original Git HEAD retained
money-machine/PROMPTS/judge_evoke.txt,13,MoneyMachine/legacy paths,WEBSITES/BUISNESSaudits (display only),Write your decision as JSON to /Users/yabigdd/MoneyMachine/reports/JUDGE_evoke.json,legacy-reference-review-required,case-by-case,True,Preserved history/legacy reference; use canonical README and root mm,No change; original Git HEAD retained
money-machine/PROMPTS/judge_evoke_renovations.txt,1,MoneyMachine/legacy paths,WEBSITES/BUISNESSaudits (display only),Act as JUDGE for MoneyMachine Batch 001. Review this opportunity independently.,legacy-reference-review-required,case-by-case,True,Preserved history/legacy reference; use canonical README and root mm,No change; original Git HEAD retained
money-machine/PROMPTS/judge_evoke_renovations.txt,10,MoneyMachine/legacy paths,WEBSITES/BUISNESSaudits (display only),Read the full audit at /Users/yabigdd/MoneyMachine/reports/AUDIT_evoke_renovations.json,legacy-reference-review-required,case-by-case,True,Preserved history/legacy reference; use canonical README and root mm,No change; original Git HEAD retained
money-machine/PROMPTS/judge_evoke_renovations.txt,11,MoneyMachine/legacy paths,WEBSITES/BUISNESSaudits (display only),Read the scoring rubric at /Users/yabigdd/MoneyMachine/control-plane/SCORING_RUBRIC.md,legacy-reference-review-required,case-by-case,True,Preserved history/legacy reference; use canonical README and root mm,No change; original Git HEAD retained
money-machine/PROMPTS/judge_evoke_renovations.txt,12,MoneyMachine/legacy paths,WEBSITES/BUISNESSaudits (display only),Read the judge spec at /Users/yabigdd/MoneyMachine/control-plane/JUDGE_SPEC.md,legacy-reference-review-required,case-by-case,True,Preserved history/legacy reference; use canonical README and root mm,No change; original Git HEAD retained
money-machine/PROMPTS/judge_evoke_renovations.txt,21,MoneyMachine/legacy paths,WEBSITES/BUISNESSaudits (display only),Write your decision as JSON to /Users/yabigdd/MoneyMachine/reports/JUDGE_evoke_renovations.json,legacy-reference-review-required,case-by-case,True,Preserved history/legacy reference; use canonical README and root mm,No change; original Git HEAD retained
money-machine/PROMPTS/judge_simpson.md,1,MoneyMachine/legacy paths,WEBSITES/BUISNESSaudits (display only),Act as JUDGE for MoneyMachine Batch 001. Review this opportunity independently.,legacy-reference-review-required,case-by-case,True,Preserved history/legacy reference; use canonical README and root mm,No change; original Git HEAD retained
money-machine/PROMPTS/judge_simpson.md,11,MoneyMachine/legacy paths,WEBSITES/BUISNESSaudits (display only),Read the full audit at /Users/yabigdd/MoneyMachine/reports/AUDIT_simpson_climate_control.json,legacy-reference-review-required,case-by-case,True,Preserved history/legacy reference; use canonical README and root mm,No change; original Git HEAD retained
money-machine/PROMPTS/judge_simpson.md,12,MoneyMachine/legacy paths,WEBSITES/BUISNESSaudits (display only),Read the scoring rubric at /Users/yabigdd/MoneyMachine/control-plane/SCORING_RUBRIC.md,legacy-reference-review-required,case-by-case,True,Preserved history/legacy reference; use canonical README and root mm,No change; original Git HEAD retained
money-machine/PROMPTS/judge_simpson.md,13,MoneyMachine/legacy paths,WEBSITES/BUISNESSaudits (display only),Read the judge spec at /Users/yabigdd/MoneyMachine/control-plane/JUDGE_SPEC.md,legacy-reference-review-required,case-by-case,True,Preserved history/legacy reference; use canonical README and root mm,No change; original Git HEAD retained
money-machine/PROMPTS/judge_simpson.md,22,MoneyMachine/legacy paths,WEBSITES/BUISNESSaudits (display only),Write your decision as JSON to /Users/yabigdd/MoneyMachine/reports/JUDGE_simpson_climate_control.json,legacy-reference-review-required,case-by-case,True,Preserved history/legacy reference; use canonical README and root mm,No change; original Git HEAD retained
money-machine/PROMPTS/judge_simpson_climate_control.txt,1,MoneyMachine/legacy paths,WEBSITES/BUISNESSaudits (display only),Act as JUDGE for MoneyMachine Batch 001. Review this opportunity independently.,legacy-reference-review-required,case-by-case,True,Preserved history/legacy reference; use canonical README and root mm,No change; original Git HEAD retained
money-machine/PROMPTS/judge_simpson_climate_control.txt,10,MoneyMachine/legacy paths,WEBSITES/BUISNESSaudits (display only),Read the full audit at /Users/yabigdd/MoneyMachine/reports/AUDIT_simpson_climate_control.json,legacy-reference-review-required,case-by-case,True,Preserved history/legacy reference; use canonical README and root mm,No change; original Git HEAD retained
money-machine/PROMPTS/judge_simpson_climate_control.txt,11,MoneyMachine/legacy paths,WEBSITES/BUISNESSaudits (display only),Read the scoring rubric at /Users/yabigdd/MoneyMachine/control-plane/SCORING_RUBRIC.md,legacy-reference-review-required,case-by-case,True,Preserved history/legacy reference; use canonical README and root mm,No change; original Git HEAD retained
money-machine/PROMPTS/judge_simpson_climate_control.txt,12,MoneyMachine/legacy paths,WEBSITES/BUISNESSaudits (display only),Read the judge spec at /Users/yabigdd/MoneyMachine/control-plane/JUDGE_SPEC.md,legacy-reference-review-required,case-by-case,True,Preserved history/legacy reference; use canonical README and root mm,No change; original Git HEAD retained
money-machine/PROMPTS/judge_simpson_climate_control.txt,21,MoneyMachine/legacy paths,WEBSITES/BUISNESSaudits (display only),Write your decision as JSON to /Users/yabigdd/MoneyMachine/reports/JUDGE_simpson_climate_control.json,legacy-reference-review-required,case-by-case,True,Preserved history/legacy reference; use canonical README and root mm,No change; original Git HEAD retained
money-machine/PROMPTS/judge_trident.md,1,MoneyMachine/legacy paths,WEBSITES/BUISNESSaudits (display only),Act as JUDGE for MoneyMachine Batch 001. Review this opportunity independently.,legacy-reference-review-required,case-by-case,True,Preserved history/legacy reference; use canonical README and root mm,No change; original Git HEAD retained
money-machine/PROMPTS/judge_trident.md,11,MoneyMachine/legacy paths,WEBSITES/BUISNESSaudits (display only),Read the full audit at /Users/yabigdd/MoneyMachine/reports/AUDIT_trident_electrical.json,legacy-reference-review-required,case-by-case,True,Preserved history/legacy reference; use canonical README and root mm,No change; original Git HEAD retained
money-machine/PROMPTS/judge_trident.md,12,MoneyMachine/legacy paths,WEBSITES/BUISNESSaudits (display only),Read the scoring rubric at /Users/yabigdd/MoneyMachine/control-plane/SCORING_RUBRIC.md,legacy-reference-review-required,case-by-case,True,Preserved history/legacy reference; use canonical README and root mm,No change; original Git HEAD retained
money-machine/PROMPTS/judge_trident.md,13,MoneyMachine/legacy paths,WEBSITES/BUISNESSaudits (display only),Read the judge spec at /Users/yabigdd/MoneyMachine/control-plane/JUDGE_SPEC.md,legacy-reference-review-required,case-by-case,True,Preserved history/legacy reference; use canonical README and root mm,No change; original Git HEAD retained
money-machine/PROMPTS/judge_trident.md,22,MoneyMachine/legacy paths,WEBSITES/BUISNESSaudits (display only),Write your decision as JSON to /Users/yabigdd/MoneyMachine/reports/JUDGE_trident_electrical.json,legacy-reference-review-required,case-by-case,True,Preserved history/legacy reference; use canonical README and root mm,No change; original Git HEAD retained
money-machine/PROMPTS/write_prompts.py,5,MoneyMachine/legacy paths,WEBSITES/BUISNESSaudits (display only),"PROMPTS_DIR = ""/Users/yabigdd/MoneyMachine/control-plane/PROMPTS""",legacy-reference-review-required,case-by-case,True,Preserved history/legacy reference; use canonical README and root mm,No change; original Git HEAD retained
money-machine/PROMPTS/write_prompts.py,8,MoneyMachine/legacy paths,WEBSITES/BUISNESSaudits (display only),"    ""judge_atl_heat_pumps.txt"": """"""Act as JUDGE for MoneyMachine Batch 001. Review this opportunity independently.",legacy-reference-review-required,case-by-case,True,Preserved history/legacy reference; use canonical README and root mm,No change; original Git HEAD retained
money-machine/PROMPTS/write_prompts.py,16,MoneyMachine/legacy paths,WEBSITES/BUISNESSaudits (display only),Read the full audit at /Users/yabigdd/MoneyMachine/reports/AUDIT_atl_heat_pumps.json,legacy-reference-review-required,case-by-case,True,Preserved history/legacy reference; use canonical README and root mm,No change; original Git HEAD retained
money-machine/PROMPTS/write_prompts.py,17,MoneyMachine/legacy paths,WEBSITES/BUISNESSaudits (display only),Read the scoring rubric at /Users/yabigdd/MoneyMachine/control-plane/SCORING_RUBRIC.md,legacy-reference-review-required,case-by-case,True,Preserved history/legacy reference; use canonical README and root mm,No change; original Git HEAD retained
money-machine/PROMPTS/write_prompts.py,18,MoneyMachine/legacy paths,WEBSITES/BUISNESSaudits (display only),Read the judge spec at /Users/yabigdd/MoneyMachine/control-plane/JUDGE_SPEC.md,legacy-reference-review-required,case-by-case,True,Preserved history/legacy reference; use canonical README and root mm,No change; original Git HEAD retained
money-machine/PROMPTS/write_prompts.py,26,MoneyMachine/legacy paths,WEBSITES/BUISNESSaudits (display only),Write your decision as JSON to /Users/yabigdd/MoneyMachine/reports/JUDGE_atl_heat_pumps.json,legacy-reference-review-required,case-by-case,True,Preserved history/legacy reference; use canonical README and root mm,No change; original Git HEAD retained
money-machine/PROMPTS/write_prompts.py,31,MoneyMachine/legacy paths,WEBSITES/BUISNESSaudits (display only),"    ""judge_chch_renovations.txt"": """"""Act as JUDGE for MoneyMachine Batch 001. Review this opportunity independently.",legacy-reference-review-required,case-by-case,True,Preserved history/legacy reference; use canonical README and root mm,No change; original Git HEAD retained
money-machine/PROMPTS/write_prompts.py,39,MoneyMachine/legacy paths,WEBSITES/BUISNESSaudits (display only),Read the full audit at /Users/yabigdd/MoneyMachine/reports/AUDIT_christchurch_renovations.json,legacy-reference-review-required,case-by-case,True,Preserved history/legacy reference; use canonical README and root mm,No change; original Git HEAD retained
money-machine/PROMPTS/write_prompts.py,40,MoneyMachine/legacy paths,WEBSITES/BUISNESSaudits (display only),Read the scoring rubric at /Users/yabigdd/MoneyMachine/control-plane/SCORING_RUBRIC.md,legacy-reference-review-required,case-by-case,True,Preserved history/legacy reference; use canonical README and root mm,No change; original Git HEAD retained
money-machine/PROMPTS/write_prompts.py,41,MoneyMachine/legacy paths,WEBSITES/BUISNESSaudits (display only),Read the judge spec at /Users/yabigdd/MoneyMachine/control-plane/JUDGE_SPEC.md,legacy-reference-review-required,case-by-case,True,Preserved history/legacy reference; use canonical README and root mm,No change; original Git HEAD retained
money-machine/PROMPTS/write_prompts.py,50,MoneyMachine/legacy paths,WEBSITES/BUISNESSaudits (display only),Write your decision as JSON to /Users/yabigdd/MoneyMachine/reports/JUDGE_christchurch_renovations.json,legacy-reference-review-required,case-by-case,True,Preserved history/legacy reference; use canonical README and root mm,No change; original Git HEAD retained
money-machine/PROMPTS/write_prompts.py,55,MoneyMachine/legacy paths,WEBSITES/BUISNESSaudits (display only),"    ""judge_evoke_renovations.txt"": """"""Act as JUDGE for MoneyMachine Batch 001. Review this opportunity independently.",legacy-reference-review-required,case-by-case,True,Preserved history/legacy reference; use canonical README and root mm,No change; original Git HEAD retained
money-machine/PROMPTS/write_prompts.py,64,MoneyMachine/legacy paths,WEBSITES/BUISNESSaudits (display only),Read the full audit at /Users/yabigdd/MoneyMachine/reports/AUDIT_evoke_renovations.json,legacy-reference-review-required,case-by-case,True,Preserved history/legacy reference; use canonical README and root mm,No change; original Git HEAD retained
money-machine/PROMPTS/write_prompts.py,65,MoneyMachine/legacy paths,WEBSITES/BUISNESSaudits (display only),Read the scoring rubric at /Users/yabigdd/MoneyMachine/control-plane/SCORING_RUBRIC.md,legacy-reference-review-required,case-by-case,True,Preserved history/legacy reference; use canonical README and root mm,No change; original Git HEAD retained
money-machine/PROMPTS/write_prompts.py,66,MoneyMachine/legacy paths,WEBSITES/BUISNESSaudits (display only),Read the judge spec at /Users/yabigdd/MoneyMachine/control-plane/JUDGE_SPEC.md,legacy-reference-review-required,case-by-case,True,Preserved history/legacy reference; use canonical README and root mm,No change; original Git HEAD retained
money-machine/PROMPTS/write_prompts.py,75,MoneyMachine/legacy paths,WEBSITES/BUISNESSaudits (display only),Write your decision as JSON to /Users/yabigdd/MoneyMachine/reports/JUDGE_evoke_renovations.json,legacy-reference-review-required,case-by-case,True,Preserved history/legacy reference; use canonical README and root mm,No change; original Git HEAD retained
money-machine/PROMPTS/write_prompts.py,80,MoneyMachine/legacy paths,WEBSITES/BUISNESSaudits (display only),"    ""judge_simpson_climate_control.txt"": """"""Act as JUDGE for MoneyMachine Batch 001. Review this opportunity independently.",legacy-reference-review-required,case-by-case,True,Preserved history/legacy reference; use canonical README and root mm,No change; original Git HEAD retained
money-machine/PROMPTS/write_prompts.py,89,MoneyMachine/legacy paths,WEBSITES/BUISNESSaudits (display only),Read the full audit at /Users/yabigdd/MoneyMachine/reports/AUDIT_simpson_climate_control.json,legacy-reference-review-required,case-by-case,True,Preserved history/legacy reference; use canonical README and root mm,No change; original Git HEAD retained
money-machine/PROMPTS/write_prompts.py,90,MoneyMachine/legacy paths,WEBSITES/BUISNESSaudits (display only),Read the scoring rubric at /Users/yabigdd/MoneyMachine/control-plane/SCORING_RUBRIC.md,legacy-reference-review-required,case-by-case,True,Preserved history/legacy reference; use canonical README and root mm,No change; original Git HEAD retained
money-machine/PROMPTS/write_prompts.py,91,MoneyMachine/legacy paths,WEBSITES/BUISNESSaudits (display only),Read the judge spec at /Users/yabigdd/MoneyMachine/control-plane/JUDGE_SPEC.md,legacy-reference-review-required,case-by-case,True,Preserved history/legacy reference; use canonical README and root mm,No change; original Git HEAD retained
money-machine/PROMPTS/write_prompts.py,100,MoneyMachine/legacy paths,WEBSITES/BUISNESSaudits (display only),Write your decision as JSON to /Users/yabigdd/MoneyMachine/reports/JUDGE_simpson_climate_control.json,legacy-reference-review-required,case-by-case,True,Preserved history/legacy reference; use canonical README and root mm,No change; original Git HEAD retained
money-machine/PROMPTS/write_prompts2.py,5,MoneyMachine/legacy paths,WEBSITES/BUISNESSaudits (display only),"PROMPTS_DIR = ""/Users/yabigdd/MoneyMachine/control-plane/PROMPTS""",legacy-reference-review-required,case-by-case,True,Preserved history/legacy reference; use canonical README and root mm,No change; original Git HEAD retained
money-machine/PROMPTS/write_prompts2.py,8,MoneyMachine/legacy paths,WEBSITES/BUISNESSaudits (display only),"    content = f""""""Act as JUDGE for MoneyMachine Batch 001. Review this opportunity independently.",legacy-reference-review-required,case-by-case,True,Preserved history/legacy reference; use canonical README and root mm,No change; original Git HEAD retained
money-machine/PROMPTS/write_prompts2.py,14,MoneyMachine/legacy paths,WEBSITES/BUISNESSaudits (display only),Read the full audit at /Users/yabigdd/MoneyMachine/reports/AUDIT_{bid}_audit.json (may not exist — use what you have),legacy-reference-review-required,case-by-case,True,Preserved history/legacy reference; use canonical README and root mm,No change; original Git HEAD retained
money-machine/PROMPTS/write_prompts2.py,15,MoneyMachine/legacy paths,WEBSITES/BUISNESSaudits (display only),Read the scoring rubric at /Users/yabigdd/MoneyMachine/control-plane/SCORING_RUBRIC.md,legacy-reference-review-required,case-by-case,True,Preserved history/legacy reference; use canonical README and root mm,No change; original Git HEAD retained
money-machine/PROMPTS/write_prompts2.py,16,MoneyMachine/legacy paths,WEBSITES/BUISNESSaudits (display only),Read the judge spec at /Users/yabigdd/MoneyMachine/control-plane/JUDGE_SPEC.md,legacy-reference-review-required,case-by-case,True,Preserved history/legacy reference; use canonical README and root mm,No change; original Git HEAD retained
money-machine/PROMPTS/write_prompts2.py,20,MoneyMachine/legacy paths,WEBSITES/BUISNESSaudits (display only),Write your decision as JSON to /Users/yabigdd/MoneyMachine/reports/JUDGE_{bid}.json,legacy-reference-review-required,case-by-case,True,Preserved history/legacy reference; use canonical README and root mm,No change; original Git HEAD retained
money-machine/PROOFER_SPEC.md,1,MoneyMachine/legacy paths,WEBSITES/BUISNESSaudits (display only),# MoneyMachine Proofer Specification,legacy-reference-review-required,case-by-case,True,Preserved history/legacy reference; use canonical README and root mm,No change; original Git HEAD retained
money-machine/README.md,1,MoneyMachine/legacy paths,WEBSITES/BUISNESSaudits (display only),# MoneyMachine,legacy-reference-review-required,case-by-case,True,Preserved history/legacy reference; use canonical README and root mm,No change; original Git HEAD retained
money-machine/README.md,23,MoneyMachine/legacy paths,WEBSITES/BUISNESSaudits (display only),"Heat Force and Evoke's previous packets are invalidated pending requalification. ATL Heat Pumps, Christchurch Renovations and Butterfield Bathrooms remain suppressed. Model execution and automatic fallback remain disabled for MoneyMachine.",legacy-reference-review-required,case-by-case,True,Preserved history/legacy reference; use canonical README and root mm,No change; original Git HEAD retained
money-machine/SCORING_RUBRIC.md,1,MoneyMachine/legacy paths,WEBSITES/BUISNESSaudits (display only),# MoneyMachine Opportunity Scoring Rubric,legacy-reference-review-required,case-by-case,True,Preserved history/legacy reference; use canonical README and root mm,No change; original Git HEAD retained
money-machine/cline-prompt.md,1,MoneyMachine/legacy paths,WEBSITES/BUISNESSaudits (display only),You are working on MoneyMachine — Dion Lammas's NZ digital modernization operator.,legacy-reference-review-required,case-by-case,True,Preserved history/legacy reference; use canonical README and root mm,No change; original Git HEAD retained
money-machine/cline-prompt.md,4,MoneyMachine/legacy paths,WEBSITES/BUISNESSaudits (display only),Read /Users/yabigdd/.hermes/skills/business/money-machine/SKILL.md in full. This is the canonical source of truth. Then read its linked references:,legacy-reference-review-required,case-by-case,True,Preserved history/legacy reference; use canonical README and root mm,No change; original Git HEAD retained
money-machine/cline-prompt.md,9,MoneyMachine/legacy paths,WEBSITES/BUISNESSaudits (display only),## What MoneyMachine is,legacy-reference-review-required,case-by-case,True,Preserved history/legacy reference; use canonical README and root mm,No change; original Git HEAD retained
money-machine/cline-prompt.md,16,MoneyMachine/legacy paths,WEBSITES/BUISNESSaudits (display only),- Root: /Users/yabigdd/Desktop/MoneyMachine/,legacy-reference-review-required,case-by-case,True,Preserved history/legacy reference; use canonical README and root mm,No change; original Git HEAD retained
money-machine/cline-prompt.md,17,MoneyMachine/legacy paths,WEBSITES/BUISNESSaudits (display only),- Database: /Users/yabigdd/Desktop/MoneyMachine/database/money_machine.db (SQLite),legacy-reference-review-required,case-by-case,True,Preserved history/legacy reference; use canonical README and root mm,No change; original Git HEAD retained
money-machine/cline-prompt.md,28,MoneyMachine/legacy paths,WEBSITES/BUISNESSaudits (display only),1. MoneyMachine does NOT send emails or messages. It prepares drafts for human review.,legacy-reference-review-required,case-by-case,True,Preserved history/legacy reference; use canonical README and root mm,No change; original Git HEAD retained
money-machine/cline-prompt.md,36,MoneyMachine/legacy paths,WEBSITES/BUISNESSaudits (display only),9. Model execution and automatic fallback remain DISABLED for MoneyMachine.,legacy-reference-review-required,case-by-case,True,Preserved history/legacy reference; use canonical README and root mm,No change; original Git HEAD retained
money-machine/cline-prompt.md,55,MoneyMachine/legacy paths,WEBSITES/BUISNESSaudits (display only),"When verifying a prospect, dispatch one proofer subagent per business using FILE-BASED prompts (inline JSON schemas in delegate_task fail). Write the prompt to /tmp/PROMPT_proofer_<slug>.txt first, then dispatch the subagent to read it. Results land in /Users/yabigdd/MoneyMachine/reports/PROOFER_<slug>.json.",legacy-reference-review-required,case-by-case,True,Preserved history/legacy reference; use canonical README and root mm,No change; original Git HEAD retained
money-machine/cline-prompt.md,67,MoneyMachine/legacy paths,WEBSITES/BUISNESSaudits (display only),1. Read the MoneyMachine SKILL.md and its references.,legacy-reference-review-required,case-by-case,True,Preserved history/legacy reference; use canonical README and root mm,No change; original Git HEAD retained
money-machine/email_baseline_capture.py,49,MoneyMachine/legacy paths,WEBSITES/BUISNESSaudits (display only),"            conn.request('GET', p.path or '/', headers={'User-Agent': 'MoneyMachine-EvidenceReview/2.0', 'Accept': 'text/html,application/pdf,text/plain,application/xml'})",legacy-reference-review-required,case-by-case,True,Preserved history/legacy reference; use canonical README and root mm,No change; original Git HEAD retained
money-machine/grok-prompt.md,1,MoneyMachine/legacy paths,WEBSITES/BUISNESSaudits (display only),You are working on MoneyMachine — Dion Lammas's NZ digital modernization operator.,legacy-reference-review-required,case-by-case,True,Preserved history/legacy reference; use canonical README and root mm,No change; original Git HEAD retained
money-machine/grok-prompt.md,4,MoneyMachine/legacy paths,WEBSITES/BUISNESSaudits (display only),Read /Users/yabigdd/.hermes/skills/business/money-machine/SKILL.md in full. This is the canonical source of truth. Then read its linked references:,legacy-reference-review-required,case-by-case,True,Preserved history/legacy reference; use canonical README and root mm,No change; original Git HEAD retained
money-machine/grok-prompt.md,9,MoneyMachine/legacy paths,WEBSITES/BUISNESSaudits (display only),## What MoneyMachine is,legacy-reference-review-required,case-by-case,True,Preserved history/legacy reference; use canonical README and root mm,No change; original Git HEAD retained
money-machine/grok-prompt.md,16,MoneyMachine/legacy paths,WEBSITES/BUISNESSaudits (display only),- Root: /Users/yabigdd/Desktop/MoneyMachine/,legacy-reference-review-required,case-by-case,True,Preserved history/legacy reference; use canonical README and root mm,No change; original Git HEAD retained
money-machine/grok-prompt.md,17,MoneyMachine/legacy paths,WEBSITES/BUISNESSaudits (display only),- Database: /Users/yabigdd/Desktop/MoneyMachine/database/money_machine.db (SQLite),legacy-reference-review-required,case-by-case,True,Preserved history/legacy reference; use canonical README and root mm,No change; original Git HEAD retained
money-machine/grok-prompt.md,28,MoneyMachine/legacy paths,WEBSITES/BUISNESSaudits (display only),1. MoneyMachine does NOT send emails or messages. It prepares drafts for human review.,legacy-reference-review-required,case-by-case,True,Preserved history/legacy reference; use canonical README and root mm,No change; original Git HEAD retained
money-machine/grok-prompt.md,36,MoneyMachine/legacy paths,WEBSITES/BUISNESSaudits (display only),9. Model execution and automatic fallback remain DISABLED for MoneyMachine.,legacy-reference-review-required,case-by-case,True,Preserved history/legacy reference; use canonical README and root mm,No change; original Git HEAD retained
money-machine/grok-prompt.md,55,MoneyMachine/legacy paths,WEBSITES/BUISNESSaudits (display only),"When verifying a prospect, dispatch one proofer subagent per business using FILE-BASED prompts (inline JSON schemas in delegate_task fail). Write the prompt to /tmp/PROMPT_proofer_<slug>.txt first, then dispatch the subagent to read it. Results land in /Users/yabigdd/MoneyMachine/reports/PROOFER_<slug>.json.",legacy-reference-review-required,case-by-case,True,Preserved history/legacy reference; use canonical README and root mm,No change; original Git HEAD retained
money-machine/grok-prompt.md,67,MoneyMachine/legacy paths,WEBSITES/BUISNESSaudits (display only),1. Read the MoneyMachine SKILL.md and its references.,legacy-reference-review-required,case-by-case,True,Preserved history/legacy reference; use canonical README and root mm,No change; original Git HEAD retained
money-machine/mm_core.py,1,MoneyMachine/legacy paths,WEBSITES/BUISNESSaudits (display only),"""""""Deterministic MoneyMachine integrity layer. No network or model clients.",legacy-reference-review-required,case-by-case,True,Preserved history/legacy reference; use canonical README and root mm,No change; original Git HEAD retained
money-machine/mm_email_store.py,28,MoneyMachine/legacy paths,WEBSITES/BUISNESSaudits (display only),    if not has_database: raise ValueError('MoneyMachine DB backup required'),legacy-reference-review-required,case-by-case,True,Preserved history/legacy reference; use canonical README and root mm,No change; original Git HEAD retained
money-machine/outreach-drafts/BATCH-001/NZ-BATHROOM-001_Butterfield-Bathrooms_Draft.md,5,MoneyMachine/legacy paths,WEBSITES/BUISNESSaudits (display only),"**Contact:** Website contact form — design@butterfield.co.nz (from MoneyMachine contacts table), phone on site",legacy-reference-review-required,case-by-case,True,Preserved history/legacy reference; use canonical README and root mm,No change; original Git HEAD retained
money-machine/outreach-drafts/BATCH-001/NZ-CHCH-RENO-001_Christchurch-Renovations_Draft.md,8,MoneyMachine/legacy paths,WEBSITES/BUISNESSaudits (display only),**Flags:** Check MoneyMachine hold status before sending. Verify contact permission basis.,legacy-reference-review-required,case-by-case,True,Preserved history/legacy reference; use canonical README and root mm,No change; original Git HEAD retained
money-machine/proposals/BATCH-001/NZ-CHCH-RENO-001_Christchurch-Renovations_Offer.md,10,MoneyMachine/legacy paths,WEBSITES/BUISNESSaudits (display only),**Flags:** Check MoneyMachine hold status (legacy outreach reconciliation) before outreach,legacy-reference-review-required,case-by-case,True,Preserved history/legacy reference; use canonical README and root mm,No change; original Git HEAD retained
money-machine/proposals/BATCH-001/NZ-CHCH-RENO-001_Christchurch-Renovations_Offer.md,68,MoneyMachine/legacy paths,WEBSITES/BUISNESSaudits (display only),**Prerequisites:** Verify Squarespace form capabilities. Check existing CRM or lead management. Verify hold status in MoneyMachine before outreach.,legacy-reference-review-required,case-by-case,True,Preserved history/legacy reference; use canonical README and root mm,No change; original Git HEAD retained
money-machine/roles/MONEY_MACHINE_AUDITOR.md,8,MoneyMachine/legacy paths,WEBSITES/BUISNESSaudits (display only),Continuously improve MoneyMachine efficiency.,legacy-reference-review-required,case-by-case,True,Preserved history/legacy reference; use canonical README and root mm,No change; original Git HEAD retained
money-machine/roles/QUALITY_CONTROLLER.md,8,MoneyMachine/legacy paths,WEBSITES/BUISNESSaudits (display only),Independently inspect important MoneyMachine output.,legacy-reference-review-required,case-by-case,True,Preserved history/legacy reference; use canonical README and root mm,No change; original Git HEAD retained
money-machine/roles/SYSTEM_DOCTOR.md,9,MoneyMachine/legacy paths,WEBSITES/BUISNESSaudits (display only),Maintain and repair the Hermes/MoneyMachine execution environment.,legacy-reference-review-required,case-by-case,True,Preserved history/legacy reference; use canonical README and root mm,No change; original Git HEAD retained
money-machine/scripts/free_role_router.py,27,MoneyMachine/legacy paths,WEBSITES/BUISNESSaudits (display only),"    headers = {""Accept"": ""application/json"", ""User-Agent"": ""MoneyMachine-role-router""}",legacy-reference-review-required,case-by-case,True,Preserved history/legacy reference; use canonical README and root mm,No change; original Git HEAD retained
money-machine/scripts/money_machine_auditor.sh,4,MoneyMachine/legacy paths,WEBSITES/BUISNESSaudits (display only),"MM=""$HOME/MoneyMachine""",legacy-reference-review-required,case-by-case,True,Preserved history/legacy reference; use canonical README and root mm,No change; original Git HEAD retained
money-machine/state/BATCH_001_COMPLETION.txt,1,MoneyMachine/legacy paths,WEBSITES/BUISNESSaudits (display only),# MoneyMachine Batch 001 — COMPLETION STATUS,legacy-reference-review-required,case-by-case,True,Preserved history/legacy reference; use canonical README and root mm,No change; original Git HEAD retained
money-machine/state/BATCH_001_COMPLETION.txt,45,MoneyMachine/legacy paths,WEBSITES/BUISNESSaudits (display only),- ~/MoneyMachine/reports/PREFLIGHT_REPORT.md,legacy-reference-review-required,case-by-case,True,Preserved history/legacy reference; use canonical README and root mm,No change; original Git HEAD retained
money-machine/state/BATCH_001_COMPLETION.txt,46,MoneyMachine/legacy paths,WEBSITES/BUISNESSaudits (display only),- ~/MoneyMachine/reports/BATCH_001_MASTER_REPORT.md,legacy-reference-review-required,case-by-case,True,Preserved history/legacy reference; use canonical README and root mm,No change; original Git HEAD retained
money-machine/state/BATCH_001_COMPLETION.txt,49,MoneyMachine/legacy paths,WEBSITES/BUISNESSaudits (display only),- ~/MoneyMachine/data/batches/BATCH-001/scoring.json,legacy-reference-review-required,case-by-case,True,Preserved history/legacy reference; use canonical README and root mm,No change; original Git HEAD retained
money-machine/state/BATCH_001_COMPLETION.txt,50,MoneyMachine/legacy paths,WEBSITES/BUISNESSaudits (display only),- ~/MoneyMachine/data/batches/BATCH-001/judge-review.md,legacy-reference-review-required,case-by-case,True,Preserved history/legacy reference; use canonical README and root mm,No change; original Git HEAD retained
money-machine/state/BATCH_001_COMPLETION.txt,51,MoneyMachine/legacy paths,WEBSITES/BUISNESSaudits (display only),- ~/MoneyMachine/data/batches/BATCH-001/proofing-report.md,legacy-reference-review-required,case-by-case,True,Preserved history/legacy reference; use canonical README and root mm,No change; original Git HEAD retained
money-machine/state/BATCH_001_COMPLETION.txt,52,MoneyMachine/legacy paths,WEBSITES/BUISNESSaudits (display only),- ~/MoneyMachine/data/batches/BATCH-001/demo-recommendation.md,legacy-reference-review-required,case-by-case,True,Preserved history/legacy reference; use canonical README and root mm,No change; original Git HEAD retained
money-machine/state/BATCH_001_COMPLETION.txt,55,MoneyMachine/legacy paths,WEBSITES/BUISNESSaudits (display only),- ~/MoneyMachine/data/batches/BATCH-001/leads/NZ-HVAC-001_BA-Heat-Pumps.md,legacy-reference-review-required,case-by-case,True,Preserved history/legacy reference; use canonical README and root mm,No change; original Git HEAD retained
money-machine/state/BATCH_001_COMPLETION.txt,56,MoneyMachine/legacy paths,WEBSITES/BUISNESSaudits (display only),- ~/MoneyMachine/data/batches/BATCH-001/leads/NZ-BATHROOM-001.md,legacy-reference-review-required,case-by-case,True,Preserved history/legacy reference; use canonical README and root mm,No change; original Git HEAD retained
money-machine/state/BATCH_001_COMPLETION.txt,57,MoneyMachine/legacy paths,WEBSITES/BUISNESSaudits (display only),- ~/MoneyMachine/data/batches/BATCH-001/leads/NZ-CHCH-RENO-001.md,legacy-reference-review-required,case-by-case,True,Preserved history/legacy reference; use canonical README and root mm,No change; original Git HEAD retained
money-machine/state/BATCH_001_COMPLETION.txt,58,MoneyMachine/legacy paths,WEBSITES/BUISNESSaudits (display only),- ~/MoneyMachine/data/batches/BATCH-001/leads/NZ-ELECTRICIAN-001.md,legacy-reference-review-required,case-by-case,True,Preserved history/legacy reference; use canonical README and root mm,No change; original Git HEAD retained
money-machine/state/BATCH_001_COMPLETION.txt,59,MoneyMachine/legacy paths,WEBSITES/BUISNESSaudits (display only),- ~/MoneyMachine/data/batches/BATCH-001/leads/NZ-HVAC-002.md,legacy-reference-review-required,case-by-case,True,Preserved history/legacy reference; use canonical README and root mm,No change; original Git HEAD retained
money-machine/state/BATCH_001_COMPLETION.txt,60,MoneyMachine/legacy paths,WEBSITES/BUISNESSaudits (display only),- ~/MoneyMachine/data/batches/BATCH-001/leads/NZ-HVAC-003.md,legacy-reference-review-required,case-by-case,True,Preserved history/legacy reference; use canonical README and root mm,No change; original Git HEAD retained
money-machine/state/BATCH_001_COMPLETION.txt,61,MoneyMachine/legacy paths,WEBSITES/BUISNESSaudits (display only),- ~/MoneyMachine/data/batches/BATCH-001/leads/NZ-HVAC-004.md,legacy-reference-review-required,case-by-case,True,Preserved history/legacy reference; use canonical README and root mm,No change; original Git HEAD retained
money-machine/state/BATCH_001_COMPLETION.txt,62,MoneyMachine/legacy paths,WEBSITES/BUISNESSaudits (display only),- ~/MoneyMachine/data/batches/BATCH-001/leads/NZ-HVAC-005.md,legacy-reference-review-required,case-by-case,True,Preserved history/legacy reference; use canonical README and root mm,No change; original Git HEAD retained
money-machine/state/BATCH_001_COMPLETION.txt,63,MoneyMachine/legacy paths,WEBSITES/BUISNESSaudits (display only),- ~/MoneyMachine/data/batches/BATCH-001/leads/NZ-PLUMBER-001.md,legacy-reference-review-required,case-by-case,True,Preserved history/legacy reference; use canonical README and root mm,No change; original Git HEAD retained
money-machine/state/BATCH_001_COMPLETION.txt,64,MoneyMachine/legacy paths,WEBSITES/BUISNESSaudits (display only),- ~/MoneyMachine/data/batches/BATCH-001/leads/NZ-BUILDER-001.md,legacy-reference-review-required,case-by-case,True,Preserved history/legacy reference; use canonical README and root mm,No change; original Git HEAD retained
money-machine/state/BATCH_001_COMPLETION.txt,67,MoneyMachine/legacy paths,WEBSITES/BUISNESSaudits (display only),- ~/MoneyMachine/outputs/proposals/BATCH-001/NZ-HVAC-001_BA-Heat-Pumps_Offer.md,legacy-reference-review-required,case-by-case,True,Preserved history/legacy reference; use canonical README and root mm,No change; original Git HEAD retained
money-machine/state/BATCH_001_COMPLETION.txt,68,MoneyMachine/legacy paths,WEBSITES/BUISNESSaudits (display only),- ~/MoneyMachine/outputs/proposals/BATCH-001/NZ-BATHROOM-001_Butterfield-Bathrooms_Offer.md,legacy-reference-review-required,case-by-case,True,Preserved history/legacy reference; use canonical README and root mm,No change; original Git HEAD retained
money-machine/state/BATCH_001_COMPLETION.txt,69,MoneyMachine/legacy paths,WEBSITES/BUISNESSaudits (display only),- ~/MoneyMachine/outputs/proposals/BATCH-001/NZ-HVAC-004_AES_Auckland_Offer.md,legacy-reference-review-required,case-by-case,True,Preserved history/legacy reference; use canonical README and root mm,No change; original Git HEAD retained
money-machine/state/BATCH_001_COMPLETION.txt,70,MoneyMachine/legacy paths,WEBSITES/BUISNESSaudits (display only),- ~/MoneyMachine/outputs/proposals/BATCH-001/NZ-CHCH-RENO-001_Christchurch-Renovations_Offer.md,legacy-reference-review-required,case-by-case,True,Preserved history/legacy reference; use canonical README and root mm,No change; original Git HEAD retained
money-machine/state/BATCH_001_COMPLETION.txt,73,MoneyMachine/legacy paths,WEBSITES/BUISNESSaudits (display only),- ~/MoneyMachine/outputs/outreach-drafts/BATCH-001/NZ-HVAC-001_BA-Heat-Pumps_Draft.md,legacy-reference-review-required,case-by-case,True,Preserved history/legacy reference; use canonical README and root mm,No change; original Git HEAD retained
money-machine/state/BATCH_001_COMPLETION.txt,74,MoneyMachine/legacy paths,WEBSITES/BUISNESSaudits (display only),- ~/MoneyMachine/outputs/outreach-drafts/BATCH-001/NZ-BATHROOM-001_Butterfield-Bathrooms_Draft.md,legacy-reference-review-required,case-by-case,True,Preserved history/legacy reference; use canonical README and root mm,No change; original Git HEAD retained
money-machine/state/BATCH_001_COMPLETION.txt,75,MoneyMachine/legacy paths,WEBSITES/BUISNESSaudits (display only),- ~/MoneyMachine/outputs/outreach-drafts/BATCH-001/NZ-ELECTRICIAN-001_FIXED-Electrical_Draft.md,legacy-reference-review-required,case-by-case,True,Preserved history/legacy reference; use canonical README and root mm,No change; original Git HEAD retained
money-machine/state/BATCH_001_COMPLETION.txt,76,MoneyMachine/legacy paths,WEBSITES/BUISNESSaudits (display only),- ~/MoneyMachine/outputs/outreach-drafts/BATCH-001/NZ-CHCH-RENO-001_Christchurch-Renovations_Draft.md,legacy-reference-review-required,case-by-case,True,Preserved history/legacy reference; use canonical README and root mm,No change; original Git HEAD retained
money-machine/state/BATCH_001_COMPLETION.txt,79,MoneyMachine/legacy paths,WEBSITES/BUISNESSaudits (display only),- ~/MoneyMachine/logs/smoke-test-20260908-020117/smoke-output.txt,legacy-reference-review-required,case-by-case,True,Preserved history/legacy reference; use canonical README and root mm,No change; original Git HEAD retained
money-machine/state/BATCH_001_COMPLETION.txt,82,MoneyMachine/legacy paths,WEBSITES/BUISNESSaudits (display only),- ~/MoneyMachine/backups/20260908-015124/,legacy-reference-review-required,case-by-case,True,Preserved history/legacy reference; use canonical README and root mm,No change; original Git HEAD retained
money-machine/state/tool-stack-audit.json,13,MoneyMachine/legacy paths,WEBSITES/BUISNESSaudits (display only),"      ""path"": ""/Users/yabigdd/.local/bin/hermes"",",legacy-reference-review-required,case-by-case,True,Preserved history/legacy reference; use canonical README and root mm,No change; original Git HEAD retained
money-machine/state/tool-stack-audit.json,34,MoneyMachine/legacy paths,WEBSITES/BUISNESSaudits (display only),"      ""path"": ""/Users/yabigdd/.local/bin/node"",",legacy-reference-review-required,case-by-case,True,Preserved history/legacy reference; use canonical README and root mm,No change; original Git HEAD retained
money-machine/state/tool-stack-audit.json,42,MoneyMachine/legacy paths,WEBSITES/BUISNESSaudits (display only),"      ""path"": ""/Users/yabigdd/.local/bin/npm"",",legacy-reference-review-required,case-by-case,True,Preserved history/legacy reference; use canonical README and root mm,No change; original Git HEAD retained
money-machine/state/tool-stack-audit.json,50,MoneyMachine/legacy paths,WEBSITES/BUISNESSaudits (display only),"      ""path"": ""/Users/yabigdd/.local/bin/npx"",",legacy-reference-review-required,case-by-case,True,Preserved history/legacy reference; use canonical README and root mm,No change; original Git HEAD retained
money-machine/state/tool-stack-audit.json,79,MoneyMachine/legacy paths,WEBSITES/BUISNESSaudits (display only),"      ""path"": ""/Users/yabigdd/.local/bin/goose"",",legacy-reference-review-required,case-by-case,True,Preserved history/legacy reference; use canonical README and root mm,No change; original Git HEAD retained
money-machine/state/tool-stack-audit.json,116,MoneyMachine/legacy paths,WEBSITES/BUISNESSaudits (display only),"      ""path"": ""/Users/yabigdd/.local/bin/npm"",",legacy-reference-review-required,case-by-case,True,Preserved history/legacy reference; use canonical README and root mm,No change; original Git HEAD retained
money-machine/test_acceptance.py,98,MoneyMachine/legacy paths,WEBSITES/BUISNESSaudits (display only),        self.skipTest('BLOCKED: legacy/global Hermes calls cannot be reconciled to MoneyMachine agent_runs. Separate test covers all new local model requests.'),compatibility-required,case-by-case,True,Preserved history/legacy reference; use canonical README and root mm,No change; original Git HEAD retained
outputs/DAILY_OPERATOR_REPORT_2026-08-18.md,147,MoneyMachine/legacy paths,WEBSITES/BUISNESSaudits (display only),_All figures above are read from real files in `/Users/defaultaccount/HERMES_MONEY_ENGINE`. Any metric with no underlying data is,legacy-reference-review-required,case-by-case,True,Preserved history/legacy reference; use canonical README and root mm,No change; original Git HEAD retained
reports/daily-operator/index.html,1,MoneyMachine/legacy paths,WEBSITES/BUISNESSaudits (display only),"<!doctype html><html lang=""en""><meta charset=""utf-8""><meta name=""viewport"" content=""width=device-width,initial-scale=1""><title>MoneyMachine · Today</title><style>body{font:17px/1.6 system-ui;max-width:1000px;margin:32px auto;padding:20px;color:#16352c;background:#f4f7f5}li{margin:20px 0}pre{white-space:pre-wrap;background:white;padding:24px}h1{font-size:38px}</style><h1>MoneyMachine · Today</h1><p>Human decisions only. Nothing is sent. Model execution is paused.</p><p>Net received: NZ$0.0 · Verified sends: 0</p><ol><li><strong>Heat Force</strong> — Requalify Heat Force against its existing Tradify form; verify a specific unmet need before creating another offer</li><li><strong>Blizzard HVAC &amp; Electrical</strong> — Verify website and contact permission</li><li><strong>Trident Electrical &amp; Air Conditioning</strong> — Verify website and contact permission</li><li><strong>BA Heat Pumps</strong> — Verify website and contact permission</li><li><strong>AES</strong> — Verify website and contact permission</li><li><strong>Simpson Climate Control</strong> — Verify website and contact permission</li><li><strong>Kiwi Heat Pumps</strong> — Verify website and contact permission</li><li><strong>Imperial HVAC</strong> — Verify website and contact permission</li><li><strong>New Zealand Heat Pumps</strong> — Evidence recorded; score and prioritize</li><li><strong>Superior Renovations</strong> — Verify website and contact permission</li><li><strong>Evoke Renovations</strong> — Verify screen-reader exposure of offscreen template content before scoping a smaller offer</li><li><strong>Best Nest Building Co</strong> — Verify website and contact permission</li><li><strong>Modern Age Kitchens</strong> — Capture current website evidence; verify a commercial problem before offering work</li><li><strong>Kitchen Studio Christchurch</strong> — Capture current website evidence; verify a commercial problem before offering work</li><li><strong>Fendalton Construction</strong> — Capture current website evidence; verify a commercial problem before offering work</li></ol><h2>Records needing evidence</h2><pre>[",historical,False,True,Preserved history/legacy reference; use canonical README and root mm,No change; original Git HEAD retained
