engine_id,engine_name,source_file,source_section,category,target_customer,problem,offer,price_low,price_high,price_label,recurring_possible,speed_to_cash_days,startup_cost_nzd,human_effort,automation_potential,acquisition,execution_status,revenue,next_action,total_score,band,score_speed_to_cash,score_low_human_effort,score_recurring_revenue,score_gross_margin,score_observable_demand,score_automation_potential,score_scalability,merged_count,needs_client_data,physical_component
ME-0239,Route Planning Preparation,HERMES_MEGA_MONEY_ENGINE_PART_3_OF_5.md,HERMES_MEGA_MONEY_ENGINE_PART_3_OF_5.md:L6630,operations,mobile service businesses,,Group jobs geographically for human-approved scheduling and route decisions.,299,1500,"$299–$1,500/month",True,1,0,very_low,5/5,,DISCOVERED,0,,95,EXECUTE_NOW,25,20,20,14,6,5,5,1,False,False
ME-0090,Business Intelligence Assistant Subscription,HERMES_MEGA_MONEY_ENGINE_PART_1_OF_5.md,HERMES_MEGA_MONEY_ENGINE_PART_1_OF_5.md:L12019,,Small businesses that want a compact external intelligence desk.,,"Recurring intelligence pack combining competitor changes, lead opportunities, review trends, content ideas and 5 recommended actions.",None,None,,True,1,0,very_low,5/5,,DISCOVERED,0,,93,EXECUTE_NOW,25,20,20,12,6,5,5,1,False,False
ME-0217,Post-Job Customer Care Engine,HERMES_MEGA_MONEY_ENGINE_PART_3_OF_5.md,HERMES_MEGA_MONEY_ENGINE_PART_3_OF_5.md:L3044,retention,trades and service businesses,,"Generate care instructions, maintenance tips, review request and referral follow-up after job completion.",149,999,$199–$999 setup or $149–$699/month,True,1,0,very_low,5/5,,DISCOVERED,0,,93,EXECUTE_NOW,25,20,20,12,6,5,5,1,False,False
ME-0269,Regulation Update Summary Service,HERMES_MEGA_MONEY_ENGINE_PART_3_OF_5.md,HERMES_MEGA_MONEY_ENGINE_PART_3_OF_5.md:L11520,monitoring,niche regulated industries,,Monitor authoritative sources and prepare plain-language summaries for human review.,99,999,$99–$999/month,True,1,0,very_low,5/5,,DISCOVERED,0,,93,EXECUTE_NOW,25,20,20,12,6,5,5,1,False,False
ME-0273,Competitor Hiring Intelligence,HERMES_MEGA_MONEY_ENGINE_PART_3_OF_5.md,HERMES_MEGA_MONEY_ENGINE_PART_3_OF_5.md:L12172,monitoring,B2B businesses,,Summarise competitor hiring trends and possible operational implications.,99,999,$99–$999/month,True,1,0,very_low,5/5,,DISCOVERED,0,,93,EXECUTE_NOW,25,20,20,12,6,5,5,1,False,False
ME-0274,Competitor Review Velocity Monitor,HERMES_MEGA_MONEY_ENGINE_PART_3_OF_5.md,HERMES_MEGA_MONEY_ENGINE_PART_3_OF_5.md:L12335,monitoring,local businesses,,Flag sudden changes in competitor review volume/activity.,99,999,$99–$999/month,True,1,0,very_low,5/5,,DISCOVERED,0,,93,EXECUTE_NOW,25,20,20,12,6,5,5,1,False,False
ME-0275,Competitor Reputation Change Alerts,HERMES_MEGA_MONEY_ENGINE_PART_3_OF_5.md,HERMES_MEGA_MONEY_ENGINE_PART_3_OF_5.md:L12498,monitoring,local businesses,,Flag major shifts in public review themes or sentiment.,99,999,$99–$999/month,True,1,0,very_low,5/5,,DISCOVERED,0,,93,EXECUTE_NOW,25,20,20,12,6,5,5,1,False,False
ME-0276,Competitor Website Positioning Archive,HERMES_MEGA_MONEY_ENGINE_PART_3_OF_5.md,HERMES_MEGA_MONEY_ENGINE_PART_3_OF_5.md:L12661,monitoring,businesses in active markets,,Maintain summaries of how competitor messaging changes over time.,99,999,$99–$999/month,True,1,0,very_low,5/5,,DISCOVERED,0,,93,EXECUTE_NOW,25,20,20,12,6,5,5,1,False,False
ME-0277,Market Entry Signal Monitor,HERMES_MEGA_MONEY_ENGINE_PART_3_OF_5.md,HERMES_MEGA_MONEY_ENGINE_PART_3_OF_5.md:L12824,monitoring,local/niche businesses,,Detect publicly visible signals of new competitors entering a category.,99,999,$99–$999/month,True,1,0,very_low,5/5,,DISCOVERED,0,,93,EXECUTE_NOW,25,20,20,12,6,5,5,1,False,False
ME-0278,Business Closure Signal Monitor,HERMES_MEGA_MONEY_ENGINE_PART_3_OF_5.md,HERMES_MEGA_MONEY_ENGINE_PART_3_OF_5.md:L12987,monitoring,local B2B service providers,,Detect public closure announcements that may create customer opportunities.,99,999,$99–$999/month,True,1,0,very_low,5/5,,DISCOVERED,0,,93,EXECUTE_NOW,25,20,20,12,6,5,5,1,False,False
ME-0327,Website Content Freshness Monitor,HERMES_MEGA_MONEY_ENGINE_PART_4_OF_5.md,HERMES_MEGA_MONEY_ENGINE_PART_4_OF_5.md:L1957,monitoring,local/service businesses,,"Flag outdated staff, dates, services, pricing or policy content.",99,999,$99–$999/month,True,1,0,very_low,5/5,,DISCOVERED,0,,93,EXECUTE_NOW,25,20,20,12,6,5,5,1,False,False
ME-0328,Broken-Link / Stale Page Report Service,HERMES_MEGA_MONEY_ENGINE_PART_4_OF_5.md,HERMES_MEGA_MONEY_ENGINE_PART_4_OF_5.md:L2120,monitoring,businesses with websites,,Provide periodic site hygiene reports for broken links and stale pages.,99,999,$99–$999/month,True,1,0,very_low,5/5,,DISCOVERED,0,,93,EXECUTE_NOW,25,20,20,12,6,5,5,1,False,False
ME-0307,Project Partner Matchmaker,HERMES_MEGA_MONEY_ENGINE_PART_3_OF_5.md,HERMES_MEGA_MONEY_ENGINE_PART_3_OF_5.md:L17714,partnerships,B2B service firms,,Match public opportunities with complementary businesses that could collaborate.,199,999,$199–$999/project or $199–$599/month,True,1,0,low,4/5,,DISCOVERED,0,,88,EXECUTE_NOW,25,16,20,12,6,4,5,1,False,False
ME-0449,Body Corporate / Facilities Lead List,HERMES_MEGA_MONEY_ENGINE_PART_5_OF_5.md,HERMES_MEGA_MONEY_ENGINE_PART_5_OF_5.md:L9615,lead_gen,commercial trades,,Build qualified facilities/body-corporate prospect list.,299,299,**NZ$299–699**,True,1,0,medium,,,DISCOVERED,0,,87,EXECUTE_NOW,25,14,20,14,6,3,5,1,False,False
ME-0452,Insurance Repair Contractor Lead List,HERMES_MEGA_MONEY_ENGINE_PART_5_OF_5.md,HERMES_MEGA_MONEY_ENGINE_PART_5_OF_5.md:L10242,lead_gen,repair/subcontract trades,,Research legitimate repair contractors and partnership fit.,299,299,**NZ$299–699**,True,1,0,medium,,,DISCOVERED,0,,87,EXECUTE_NOW,25,14,20,14,6,3,5,1,False,False
ME-0453,Developer / Builder Project Lead List,HERMES_MEGA_MONEY_ENGINE_PART_5_OF_5.md,HERMES_MEGA_MONEY_ENGINE_PART_5_OF_5.md:L10451,lead_gen,trades and suppliers,,Research developers/builders and public project signals.,299,299,**NZ$299–799**,True,1,0,medium,,,DISCOVERED,0,,87,EXECUTE_NOW,25,14,20,14,6,3,5,1,False,False
ME-0454,Commercial Tenant Lead List,HERMES_MEGA_MONEY_ENGINE_PART_5_OF_5.md,HERMES_MEGA_MONEY_ENGINE_PART_5_OF_5.md:L10660,lead_gen,fit-out/maintenance trades,,Research commercial tenants and likely service needs.,299,299,**NZ$299–699**,True,1,0,medium,,,DISCOVERED,0,,87,EXECUTE_NOW,25,14,20,14,6,3,5,1,False,False
ME-0455,Newly Registered Business Research Pack,HERMES_MEGA_MONEY_ENGINE_PART_5_OF_5.md,HERMES_MEGA_MONEY_ENGINE_PART_5_OF_5.md:L10869,trigger_leads,B2B service providers,,Classify lawful public new-business signals by likely needs.,299,299,**NZ$299–799/month**,True,1,0,medium,,,DISCOVERED,0,,87,EXECUTE_NOW,25,14,20,14,6,3,5,1,False,False
ME-0478,Web Designer Content Partner Service,HERMES_MEGA_MONEY_ENGINE_PART_5_OF_5.md,HERMES_MEGA_MONEY_ENGINE_PART_5_OF_5.md:L15676,white_label,web designers,,Provide white-label website copy and content production.,500,500,"**NZ$500–2,000/month**",True,1,0,medium,,,DISCOVERED,0,,87,EXECUTE_NOW,25,14,20,14,6,3,5,1,False,False
ME-0479,Photographer Content Partner Service,HERMES_MEGA_MONEY_ENGINE_PART_5_OF_5.md,HERMES_MEGA_MONEY_ENGINE_PART_5_OF_5.md:L15885,white_label,commercial photographers,,Turn delivered images into full marketing packs.,299,299,"**NZ$299–1,000/month**",True,1,0,medium,,,DISCOVERED,0,,87,EXECUTE_NOW,25,14,20,14,6,3,5,1,False,False
ME-0480,Drone Operator Content Partner Service,HERMES_MEGA_MONEY_ENGINE_PART_5_OF_5.md,HERMES_MEGA_MONEY_ENGINE_PART_5_OF_5.md:L16094,white_label,drone/media operators,,"Turn project footage/notes into posts, case studies and web copy.",299,299,"**NZ$299–1,000/month**",True,1,0,medium,,,DISCOVERED,0,,87,EXECUTE_NOW,25,14,20,14,6,3,5,1,False,False
ME-0482,Print Shop Marketing Partner,HERMES_MEGA_MONEY_ENGINE_PART_5_OF_5.md,HERMES_MEGA_MONEY_ENGINE_PART_5_OF_5.md:L16512,white_label,printers,,Provide white-label content/campaign support.,299,299,"**NZ$299–1,000/month**",True,1,0,medium,,,DISCOVERED,0,,87,EXECUTE_NOW,25,14,20,14,6,3,5,1,False,False
ME-0493,Friday Revenue Recovery Service,HERMES_MEGA_MONEY_ENGINE_PART_5_OF_5.md,HERMES_MEGA_MONEY_ENGINE_PART_5_OF_5.md:L18811,sales_enablement,service businesses,,Every Friday produce revenue-recovery queue and drafts.,299,299,**NZ$299–799/month**,True,1,0,medium,,,DISCOVERED,0,,87,EXECUTE_NOW,25,14,20,14,6,3,5,1,False,False
ME-0494,Hermes 20 Leads by Breakfast Service,HERMES_MEGA_MONEY_ENGINE_PART_5_OF_5.md,HERMES_MEGA_MONEY_ENGINE_PART_5_OF_5.md:L19020,lead_gen,B2B businesses,,"Each morning deliver 20 researched, scored, deduplicated leads with reason-for-fit and outreach drafts.",299,299,**NZ$299–799/month initially**,True,1,0,medium,,,DISCOVERED,0,,87,EXECUTE_NOW,25,14,20,14,6,3,5,1,False,False
ME-0042,Review Intelligence Subscription,HERMES_MEGA_MONEY_ENGINE_PART_1_OF_5.md,HERMES_MEGA_MONEY_ENGINE_PART_1_OF_5.md:L4624,,Multi-location or review-heavy local businesses.,,"Monthly analysis of review themes, recurring complaints, staff/service mentions, strengths and opportunities.",None,None,,True,3,0,very_low,5/5,,DISCOVERED,0,,86,EXECUTE_NOW,20,20,20,12,6,5,3,1,True,False
ME-0312,Local Vendor Marketplace Directory,HERMES_MEGA_MONEY_ENGINE_PART_3_OF_5.md,HERMES_MEGA_MONEY_ENGINE_PART_3_OF_5.md:L18529,directory,local markets,,Build and maintain a monetisable local supplier/vendor database.,99,999,$99–$999 sale/subscription/sponsorship,True,3,0,very_low,5/5,,DISCOVERED,0,,86,EXECUTE_NOW,20,20,20,12,6,5,3,1,True,False
ME-0002,MONEY ENGINE 02 — AI CONTENT ENGINE FOR TRADIES,HERMES_MEGA_MONEY_ENGINE_PART_1_OF_5.md,HERMES_MEGA_MONEY_ENGINE_PART_1_OF_5.md:L1361,,- Builder. - Painter. - Roofer. - Concrete contractor. - Landscaper. - Mechanic. - Electrician. - Plumber. - Flooring contractor. - Earthmoving contractor. - Fencer. - Detailer.,,Example: **Tradie Content Engine** Potential inclusions: - 12–20 posts/month. - Captions. - 4 reel concepts. - Promotional graphics briefs. - Google Business posts. - Review-response drafts. - Monthly offer ideas. - FAQ content. - Website copy recommendations.,None,None,,True,1,0,medium,,,DISCOVERED,0,,85,EXECUTE_NOW,25,14,20,12,6,3,5,1,False,False
ME-0006,MONEY ENGINE 07 — GOOGLE BUSINESS PROFILE MANAGEMENT,HERMES_MEGA_MONEY_ENGINE_PART_1_OF_5.md,HERMES_MEGA_MONEY_ENGINE_PART_1_OF_5.md:L1759,,,,- Weekly Google Business posts. - Service descriptions. - Q&A content. - Review-response drafts. - Offer updates. - Photo-caption suggestions. - Monthly profile audit.,None,None,,True,1,0,medium,,,DISCOVERED,0,,85,EXECUTE_NOW,25,14,20,12,6,3,5,1,False,False
ME-0007,MONEY ENGINE 08 — REVIEW GENERATION & RESPONSE SYSTEM,HERMES_MEGA_MONEY_ENGINE_PART_1_OF_5.md,HERMES_MEGA_MONEY_ENGINE_PART_1_OF_5.md:L1809,,,,Help businesses request more legitimate customer reviews and respond consistently.,None,None,,True,1,0,medium,,,DISCOVERED,0,,85,EXECUTE_NOW,25,14,20,12,6,3,5,1,False,False
ME-0383,FAQ Page Build,HERMES_MEGA_MONEY_ENGINE_PART_4_OF_5.md,HERMES_MEGA_MONEY_ENGINE_PART_4_OF_5.md:L15167,content,businesses with no useful FAQ,,"Build FAQ page from public info, reviews and approved business facts.",199,199,**NZ$199–599**,True,1,0,medium,,,DISCOVERED,0,,85,EXECUTE_NOW,25,14,20,12,6,3,5,1,False,False
ME-0392,Review-to-FAQ Pack,HERMES_MEGA_MONEY_ENGINE_PART_4_OF_5.md,HERMES_MEGA_MONEY_ENGINE_PART_4_OF_5.md:L17048,content,businesses with rich reviews/questions,,Turn review themes into FAQs and website content.,199,199,**NZ$199–499**,True,1,0,medium,,,DISCOVERED,0,,85,EXECUTE_NOW,25,14,20,12,6,3,5,1,False,False
ME-0393,Review-to-Ad Pack,HERMES_MEGA_MONEY_ENGINE_PART_4_OF_5.md,HERMES_MEGA_MONEY_ENGINE_PART_4_OF_5.md:L17257,content,businesses with strong positive reviews,,Turn verified review themes into ad angles and messaging.,149,149,**NZ$149–399**,True,1,0,medium,,,DISCOVERED,0,,85,EXECUTE_NOW,25,14,20,12,6,3,5,1,False,False
ME-0405,Tradie Facebook Page Rescue,HERMES_MEGA_MONEY_ENGINE_PART_5_OF_5.md,HERMES_MEGA_MONEY_ENGINE_PART_5_OF_5.md:L419,social,trade businesses with abandoned pages,,Create 10 ready-to-post updates and a recovery calendar.,149,149,**NZ$149–399**,True,1,0,medium,,,DISCOVERED,0,,85,EXECUTE_NOW,25,14,20,12,6,3,5,1,False,False
ME-0407,LinkedIn Company Page Pack,HERMES_MEGA_MONEY_ENGINE_PART_5_OF_5.md,HERMES_MEGA_MONEY_ENGINE_PART_5_OF_5.md:L837,social,B2B contractors and firms,,Rewrite company profile and create B2B content pack.,199,199,**NZ$199–599**,True,1,0,medium,,,DISCOVERED,0,,85,EXECUTE_NOW,25,14,20,12,6,3,5,1,False,False
ME-0408,Owner LinkedIn Authority Pack,HERMES_MEGA_MONEY_ENGINE_PART_5_OF_5.md,HERMES_MEGA_MONEY_ENGINE_PART_5_OF_5.md:L1046,social,founders and business owners,,Profile rewrite plus 10 authority posts.,199,199,**NZ$199–599**,True,1,0,medium,,,DISCOVERED,0,,85,EXECUTE_NOW,25,14,20,12,6,3,5,1,False,False
ME-0409,30 Reel Hook Pack,HERMES_MEGA_MONEY_ENGINE_PART_5_OF_5.md,HERMES_MEGA_MONEY_ENGINE_PART_5_OF_5.md:L1255,social,businesses creating short-form video,,Create 30 hooks/scripts tied to actual services.,99,99,**NZ$99–299**,True,1,0,medium,,,DISCOVERED,0,,85,EXECUTE_NOW,25,14,20,12,6,3,5,1,False,False
ME-0411,Project Photo Content Subscription,HERMES_MEGA_MONEY_ENGINE_PART_5_OF_5.md,HERMES_MEGA_MONEY_ENGINE_PART_5_OF_5.md:L1673,social,trades and project firms,,Weekly photo upload → posts/case-study material.,199,199,**NZ$199–499/month**,True,1,0,medium,,,DISCOVERED,0,,85,EXECUTE_NOW,25,14,20,12,6,3,5,1,False,False
ME-0412,One Job → 30 Assets Pack,HERMES_MEGA_MONEY_ENGINE_PART_5_OF_5.md,HERMES_MEGA_MONEY_ENGINE_PART_5_OF_5.md:L1882,content,project businesses,,Turn one project into 30 multi-channel assets.,199,199,**NZ$199–599/job**,True,1,0,medium,,,DISCOVERED,0,,85,EXECUTE_NOW,25,14,20,12,6,3,5,1,False,False
ME-0413,Content Backlog Builder,HERMES_MEGA_MONEY_ENGINE_PART_5_OF_5.md,HERMES_MEGA_MONEY_ENGINE_PART_5_OF_5.md:L2091,content,businesses with inconsistent content,,Build 90-day content backlog from services and FAQs.,199,199,**NZ$199–499**,True,1,0,medium,,,DISCOVERED,0,,85,EXECUTE_NOW,25,14,20,12,6,3,5,1,False,False
ME-0414,Content Gap Audit,HERMES_MEGA_MONEY_ENGINE_PART_5_OF_5.md,HERMES_MEGA_MONEY_ENGINE_PART_5_OF_5.md:L2300,content,local businesses,,Identify missing topics and rank by customer value.,149,149,**NZ$149–399**,True,1,0,medium,,,DISCOVERED,0,,85,EXECUTE_NOW,25,14,20,12,6,3,5,1,False,False
ME-0416,Offer-of-the-Month Service,HERMES_MEGA_MONEY_ENGINE_PART_5_OF_5.md,HERMES_MEGA_MONEY_ENGINE_PART_5_OF_5.md:L2718,campaign,small local businesses,,Create one monthly offer + message pack.,99,99,**NZ$99–299/month**,True,1,0,medium,,,DISCOVERED,0,,85,EXECUTE_NOW,25,14,20,12,6,3,5,1,False,False
ME-0417,Email Subject Line Pack,HERMES_MEGA_MONEY_ENGINE_PART_5_OF_5.md,HERMES_MEGA_MONEY_ENGINE_PART_5_OF_5.md:L2927,campaign,email marketers,,Create 50 subject lines grouped by objective.,49,49,**NZ$49–149**,True,1,0,medium,,,DISCOVERED,0,,85,EXECUTE_NOW,25,14,20,12,6,3,5,1,False,False
ME-0439,Annual Service Reminder List,HERMES_MEGA_MONEY_ENGINE_PART_5_OF_5.md,HERMES_MEGA_MONEY_ENGINE_PART_5_OF_5.md:L7525,retention,maintenance businesses,,Build recurring annual due list and reminder assets.,99,99,**NZ$99–299/month**,True,1,0,medium,,,DISCOVERED,0,,85,EXECUTE_NOW,25,14,20,12,6,3,5,1,False,False
ME-0440,Customer Due-Again Report,HERMES_MEGA_MONEY_ENGINE_PART_5_OF_5.md,HERMES_MEGA_MONEY_ENGINE_PART_5_OF_5.md:L7734,retention,repeat-service businesses,,Generate monthly due-again queue from service history.,149,149,**NZ$149–399/month**,True,1,0,medium,,,DISCOVERED,0,,85,EXECUTE_NOW,25,14,20,12,6,3,5,1,False,False
ME-0445,Referral Partner Lead List,HERMES_MEGA_MONEY_ENGINE_PART_5_OF_5.md,HERMES_MEGA_MONEY_ENGINE_PART_5_OF_5.md:L8779,lead_gen,local businesses,,Find and score complementary businesses that can send referrals.,199,199,**NZ$199–499**,True,1,0,medium,,,DISCOVERED,0,,85,EXECUTE_NOW,25,14,20,12,6,3,5,1,False,False
ME-0446,Builder Referral List for Tradies,HERMES_MEGA_MONEY_ENGINE_PART_5_OF_5.md,HERMES_MEGA_MONEY_ENGINE_PART_5_OF_5.md:L8988,lead_gen,trade businesses,,Research builders suited to referral/subcontract partnerships.,199,199,**NZ$199–499**,True,1,0,medium,,,DISCOVERED,0,,85,EXECUTE_NOW,25,14,20,12,6,3,5,1,False,False
ME-0447,Property Manager Referral List,HERMES_MEGA_MONEY_ENGINE_PART_5_OF_5.md,HERMES_MEGA_MONEY_ENGINE_PART_5_OF_5.md:L9197,lead_gen,trades,,Research property managers and personalised partnership angles.,199,199,**NZ$199–599**,True,1,0,medium,,,DISCOVERED,0,,85,EXECUTE_NOW,25,14,20,12,6,3,5,1,False,False
ME-0448,Real Estate Agent Referral List,HERMES_MEGA_MONEY_ENGINE_PART_5_OF_5.md,HERMES_MEGA_MONEY_ENGINE_PART_5_OF_5.md:L9406,lead_gen,pre-sale service providers,,Research agents/offices suited to referral relationships.,199,199,**NZ$199–499**,True,1,0,medium,,,DISCOVERED,0,,85,EXECUTE_NOW,25,14,20,12,6,3,5,1,False,False
ME-0450,Automotive Workshop Partnership List,HERMES_MEGA_MONEY_ENGINE_PART_5_OF_5.md,HERMES_MEGA_MONEY_ENGINE_PART_5_OF_5.md:L9824,lead_gen,flooring/detailing/suppliers,,Find workshops and partnership angles.,199,199,**NZ$199–499**,True,1,0,medium,,,DISCOVERED,0,,85,EXECUTE_NOW,25,14,20,12,6,3,5,1,False,False
ME-0489,Meeting Prep Subscription,HERMES_MEGA_MONEY_ENGINE_PART_5_OF_5.md,HERMES_MEGA_MONEY_ENGINE_PART_5_OF_5.md:L17975,sales_enablement,B2B sales/account teams,,"Produce account brief, talking points and opportunity list before meetings.",199,199,**NZ$199–799/month**,True,1,0,medium,,,DISCOVERED,0,,85,EXECUTE_NOW,25,14,20,12,6,3,5,1,False,False
ME-0231,Promotion Profitability Review,HERMES_MEGA_MONEY_ENGINE_PART_3_OF_5.md,HERMES_MEGA_MONEY_ENGINE_PART_3_OF_5.md:L5326,analytics,retail/service businesses,,"Compare promotion revenue against margin, discounts and downstream value.",299,2000,"$299–$2,000/project or recurring",False,1,0,very_low,5/5,,DISCOVERED,0,,83,EXECUTE_NOW,25,20,8,14,6,5,5,1,False,False
ME-0285,Purchase Order Description Cleaner,HERMES_MEGA_MONEY_ENGINE_PART_3_OF_5.md,HERMES_MEGA_MONEY_ENGINE_PART_3_OF_5.md:L14128,data_ops,procurement/admin teams,,Convert vague requests into clear item/spec descriptions for buyer review.,299,2000,"$299–$2,000/project",False,1,0,very_low,5/5,,DISCOVERED,0,,83,EXECUTE_NOW,25,20,8,14,6,5,5,1,False,False
ME-0316,Competitor Launch Calendar,HERMES_MEGA_MONEY_ENGINE_PART_4_OF_5.md,HERMES_MEGA_MONEY_ENGINE_PART_4_OF_5.md:L164,analytics,businesses tracking competitors,,Record when competitors historically launch products or promotions.,299,2000,"$299–$2,000/project or recurring",False,1,0,very_low,5/5,,DISCOVERED,0,,83,EXECUTE_NOW,25,20,8,14,6,5,5,1,False,False
ME-0330,Internal Knowledge Freshness Audit,HERMES_MEGA_MONEY_ENGINE_PART_4_OF_5.md,HERMES_MEGA_MONEY_ENGINE_PART_4_OF_5.md:L2446,knowledge,businesses with internal documentation,,Flag procedures/docs not reviewed within defined periods.,500,5000,"$500–$5,000/project or maintenance",False,1,0,very_low,5/5,,DISCOVERED,0,,83,EXECUTE_NOW,25,20,8,14,6,5,5,1,False,False
ME-0226,Sales Forecast Confidence Scorer,HERMES_MEGA_MONEY_ENGINE_PART_3_OF_5.md,HERMES_MEGA_MONEY_ENGINE_PART_3_OF_5.md:L4511,sales_ops,B2B sales teams,,Score forecast deals based on evidence quality rather than optimism.,299,1200,"$299–$1,200/month",True,3,0,very_low,5/5,,DISCOVERED,0,,82,EXECUTE_NOW,18,20,20,14,0,5,5,1,False,False
ME-0241,Capacity Forecast Assistant,HERMES_MEGA_MONEY_ENGINE_PART_3_OF_5.md,HERMES_MEGA_MONEY_ENGINE_PART_3_OF_5.md:L6956,business_intelligence,project/service businesses,,Forecast upcoming workload from approved pipeline and bookings.,299,1500,"$299–$1,500/month",True,3,0,very_low,5/5,,DISCOVERED,0,,82,EXECUTE_NOW,18,20,20,14,0,5,5,1,False,False
ME-0255,Fleet Maintenance Admin Assistant,HERMES_MEGA_MONEY_ENGINE_PART_3_OF_5.md,HERMES_MEGA_MONEY_ENGINE_PART_3_OF_5.md:L9238,operations,small fleets,,"Maintain reminders, records and maintenance summaries from supplied fleet information.",299,1500,"$299–$1,500/month",True,3,0,very_low,5/5,,DISCOVERED,0,,82,EXECUTE_NOW,18,20,20,14,0,5,5,1,False,False
ME-0286,Material Request Consolidator,HERMES_MEGA_MONEY_ENGINE_PART_3_OF_5.md,HERMES_MEGA_MONEY_ENGINE_PART_3_OF_5.md:L14291,operations,construction and multi-team operations,,Combine multiple team/site requests into one clean procurement list.,299,1500,"$299–$1,500/month",True,3,0,very_low,5/5,,DISCOVERED,0,,82,EXECUTE_NOW,18,20,20,14,0,5,5,1,False,False
ME-0293,Scope Creep Monitor,HERMES_MEGA_MONEY_ENGINE_PART_3_OF_5.md,HERMES_MEGA_MONEY_ENGINE_PART_3_OF_5.md:L15432,risk_ops,project/service businesses,,Compare approved scope against later messages/requests and flag possible additions.,299,1500,"$299–$1,500/month",True,3,0,very_low,5/5,,DISCOVERED,0,,82,EXECUTE_NOW,18,20,20,14,0,5,5,1,False,False
ME-0300,Renewal Revenue Forecast,HERMES_MEGA_MONEY_ENGINE_PART_3_OF_5.md,HERMES_MEGA_MONEY_ENGINE_PART_3_OF_5.md:L16573,business_intelligence,recurring-service businesses,,Estimate upcoming renewal revenue from due customers and historical renewal patterns.,299,1500,"$299–$1,500/month",True,3,0,very_low,5/5,,DISCOVERED,0,,82,EXECUTE_NOW,18,20,20,14,0,5,5,1,False,False
ME-0304,Partner Performance Dashboard,HERMES_MEGA_MONEY_ENGINE_PART_3_OF_5.md,HERMES_MEGA_MONEY_ENGINE_PART_3_OF_5.md:L17225,business_intelligence,businesses with referral partners,,Track referrals sent/received and performance by partner.,299,1500,"$299–$1,500/month",True,3,0,very_low,5/5,,DISCOVERED,0,,82,EXECUTE_NOW,18,20,20,14,0,5,5,1,False,False
ME-0034,Local Business Audit Service,HERMES_MEGA_MONEY_ENGINE_PART_1_OF_5.md,HERMES_MEGA_MONEY_ENGINE_PART_1_OF_5.md:L3464,,"Local SMEs with weak websites, social profiles, Google presence, or unclear offers.",,"A scored digital-business audit with screenshots/evidence, priority fixes, quick wins, and a 30-day improvement plan.",None,None,,False,1,0,very_low,5/5,,DISCOVERED,0,,81,EXECUTE_NOW,25,20,8,12,6,5,5,1,False,False
ME-0036,Competitor Review Mining,HERMES_MEGA_MONEY_ENGINE_PART_1_OF_5.md,HERMES_MEGA_MONEY_ENGINE_PART_1_OF_5.md:L3754,,Local businesses and agencies needing customer insight.,,"Analyse public competitor reviews into praise themes, complaints, unmet needs, buying criteria and opportunity gaps.",None,None,,False,1,0,very_low,5/5,,DISCOVERED,0,,81,EXECUTE_NOW,25,20,8,12,6,5,5,1,False,False
ME-0048,New Product Research Packs,HERMES_MEGA_MONEY_ENGINE_PART_1_OF_5.md,HERMES_MEGA_MONEY_ENGINE_PART_1_OF_5.md:L5639,,SMEs considering new products or service lines.,,"Research pack covering customers, competitors, pricing, suppliers, positioning, risks and cheapest validation path.",None,None,,False,1,0,very_low,5/5,,DISCOVERED,0,,81,EXECUTE_NOW,25,20,8,12,6,5,5,1,False,False
ME-0049,Marketplace / E-commerce Competitor Monitoring,HERMES_MEGA_MONEY_ENGINE_PART_1_OF_5.md,HERMES_MEGA_MONEY_ENGINE_PART_1_OF_5.md:L5784,,E-commerce brands and resellers.,,"Recurring report tracking public product, pricing, reviews and offer changes.",None,None,,False,1,0,very_low,5/5,,DISCOVERED,0,,81,EXECUTE_NOW,25,20,8,12,6,5,5,1,False,False
ME-0063,Voice-of-Customer Research,HERMES_MEGA_MONEY_ENGINE_PART_1_OF_5.md,HERMES_MEGA_MONEY_ENGINE_PART_1_OF_5.md:L7959,,"Marketers, product teams, local services.",,"Mine public reviews/forums/client data for authentic problem language, objections and desired outcomes.",None,None,,False,1,0,very_low,5/5,,DISCOVERED,0,,81,EXECUTE_NOW,25,20,8,12,6,5,5,1,False,False
ME-0072,Public-Record / Business Research Reports,HERMES_MEGA_MONEY_ENGINE_PART_1_OF_5.md,HERMES_MEGA_MONEY_ENGINE_PART_1_OF_5.md:L9409,,"B2B teams, consultants, procurement teams.",,Compile lawful public business information into concise research briefs.,None,None,,False,1,0,very_low,5/5,,DISCOVERED,0,,81,EXECUTE_NOW,25,20,8,12,6,5,5,1,False,False
ME-0076,Price Monitoring Service,HERMES_MEGA_MONEY_ENGINE_PART_1_OF_5.md,HERMES_MEGA_MONEY_ENGINE_PART_1_OF_5.md:L9989,,"Retailers, wholesalers, service businesses with public-price competitors.",,Recurring public-price change report with meaningful-change alerts.,None,None,,False,1,0,very_low,5/5,,DISCOVERED,0,,81,EXECUTE_NOW,25,20,8,12,6,5,5,1,False,False
ME-0082,Before / After Job Report Service,HERMES_MEGA_MONEY_ENGINE_PART_1_OF_5.md,HERMES_MEGA_MONEY_ENGINE_PART_1_OF_5.md:L10859,,"Cleaners, flooring, painting, landscaping, restoration, maintenance.",,Create client handover report from before/after photos and job notes.,None,None,,False,1,0,very_low,5/5,,DISCOVERED,0,,81,EXECUTE_NOW,25,20,8,12,6,5,5,1,False,False
ME-0266,Terms & Conditions Difference Checker,HERMES_MEGA_MONEY_ENGINE_PART_3_OF_5.md,HERMES_MEGA_MONEY_ENGINE_PART_3_OF_5.md:L11031,document_analysis,businesses reviewing updated supplier/customer terms,,Compare old and new terms and highlight textual changes for professional review.,99,999,$99–$999/project,False,1,0,very_low,5/5,,DISCOVERED,0,,81,EXECUTE_NOW,25,20,8,12,6,5,5,1,False,False
ME-0053,Newsletter-as-a-Service,HERMES_MEGA_MONEY_ENGINE_PART_1_OF_5.md,HERMES_MEGA_MONEY_ENGINE_PART_1_OF_5.md:L6364,,Local businesses and niche operators.,,Done-for-you weekly/monthly newsletter content and send-ready copy.,None,None,,True,3,0,very_low,5/5,,DISCOVERED,0,,80,EXECUTE_NOW,18,20,20,12,0,5,5,1,False,False
ME-0055,Social Media Calendar Subscription,HERMES_MEGA_MONEY_ENGINE_PART_1_OF_5.md,HERMES_MEGA_MONEY_ENGINE_PART_1_OF_5.md:L6654,,Small businesses wanting ready-to-post content without agency management.,,"Monthly 30-post calendar by industry with captions, hooks, CTA and optional image prompts.",None,None,,True,3,0,very_low,5/5,,DISCOVERED,0,,80,EXECUTE_NOW,18,20,20,12,0,5,5,1,False,False
ME-0070,Tender / Opportunity Alert Subscription,HERMES_MEGA_MONEY_ENGINE_PART_1_OF_5.md,HERMES_MEGA_MONEY_ENGINE_PART_1_OF_5.md:L9119,,Contractors and B2B service firms.,,Recurring filtered opportunity digest matched to the client’s capabilities.,None,None,,True,3,0,very_low,5/5,,DISCOVERED,0,,80,EXECUTE_NOW,18,20,20,12,0,5,5,1,False,False
ME-0211,Missed Call Recovery Assistant,HERMES_MEGA_MONEY_ENGINE_PART_3_OF_5.md,HERMES_MEGA_MONEY_ENGINE_PART_3_OF_5.md:L2066,sales_recovery,businesses receiving inbound calls,,Recover missed-call opportunities by prioritising missed callers and preparing follow-up messages.,149,799,$199–$799 setup or $149–$599/month,True,3,0,very_low,5/5,,DISCOVERED,0,,80,EXECUTE_NOW,18,20,20,12,0,5,5,1,False,False
ME-0213,Quote Expiry Monitor,HERMES_MEGA_MONEY_ENGINE_PART_3_OF_5.md,HERMES_MEGA_MONEY_ENGINE_PART_3_OF_5.md:L2392,quote_ops,quote-heavy businesses,,"Track quote expiry dates and prepare renewal, repricing or closure follow-ups.",149,799,$199–$799 setup or $149–$599/month,True,3,0,very_low,5/5,,DISCOVERED,0,,80,EXECUTE_NOW,18,20,20,12,0,5,5,1,False,False
ME-0215,Project Start Reminder System,HERMES_MEGA_MONEY_ENGINE_PART_3_OF_5.md,HERMES_MEGA_MONEY_ENGINE_PART_3_OF_5.md:L2718,project_admin,trades and project businesses,,"Prepare pre-start customer reminders about access, parking, pets, site preparation and timing.",199,999,$199–$999/month or per-job,True,3,0,very_low,5/5,,DISCOVERED,0,,80,EXECUTE_NOW,18,20,20,12,0,5,5,1,False,False
ME-0216,Pre-Job Customer Brief Generator,HERMES_MEGA_MONEY_ENGINE_PART_3_OF_5.md,HERMES_MEGA_MONEY_ENGINE_PART_3_OF_5.md:L2881,project_admin,field teams and trades,,Turn enquiry/job intake into a one-page pre-job brief for staff.,199,999,$199–$999/month or per-job,True,3,0,very_low,5/5,,DISCOVERED,0,,80,EXECUTE_NOW,18,20,20,12,0,5,5,1,False,False
ME-0218,Repeat-Service Predictor,HERMES_MEGA_MONEY_ENGINE_PART_3_OF_5.md,HERMES_MEGA_MONEY_ENGINE_PART_3_OF_5.md:L3207,retention,recurring-service businesses,,Identify customers likely due for service again based on historical intervals.,149,999,$199–$999 setup or $149–$699/month,True,3,0,very_low,5/5,,DISCOVERED,0,,80,EXECUTE_NOW,18,20,20,12,0,5,5,1,False,False
ME-0219,Customer Next-Best-Service Engine,HERMES_MEGA_MONEY_ENGINE_PART_3_OF_5.md,HERMES_MEGA_MONEY_ENGINE_PART_3_OF_5.md:L3370,retention,multi-service businesses,,Recommend the most logical next service for each past customer using approved rules and history.,149,999,$199–$999 setup or $149–$699/month,True,3,0,very_low,5/5,,DISCOVERED,0,,80,EXECUTE_NOW,18,20,20,12,0,5,5,1,False,False
ME-0220,Loyalty Campaign Builder,HERMES_MEGA_MONEY_ENGINE_PART_3_OF_5.md,HERMES_MEGA_MONEY_ENGINE_PART_3_OF_5.md:L3533,retention,repeat-purchase businesses,,Design retention campaigns around purchase frequency and customer value.,149,999,$199–$999 setup or $149–$699/month,True,3,0,very_low,5/5,,DISCOVERED,0,,80,EXECUTE_NOW,18,20,20,12,0,5,5,1,False,False
ME-0252,Asset Warranty Expiry Monitor,HERMES_MEGA_MONEY_ENGINE_PART_3_OF_5.md,HERMES_MEGA_MONEY_ENGINE_PART_3_OF_5.md:L8749,monitoring,asset-heavy businesses,,Track product/equipment warranty expiries and prepare action lists.,99,999,$99–$999/month,True,3,0,very_low,5/5,,DISCOVERED,0,,80,EXECUTE_NOW,18,20,20,12,0,5,5,1,False,False
ME-0296,Progress Claim Drafting Assistant,HERMES_MEGA_MONEY_ENGINE_PART_3_OF_5.md,HERMES_MEGA_MONEY_ENGINE_PART_3_OF_5.md:L15921,payments_admin,construction/project businesses,,Turn approved project progress data into draft progress claim descriptions.,149,599,$149–$599/month,True,3,0,very_low,5/5,,DISCOVERED,0,,80,EXECUTE_NOW,18,20,20,12,0,5,5,1,False,False
ME-0297,Customer Statement Explainer,HERMES_MEGA_MONEY_ENGINE_PART_3_OF_5.md,HERMES_MEGA_MONEY_ENGINE_PART_3_OF_5.md:L16084,payments_admin,businesses with customer accounts,,Create plain-language summaries of account statements for support use.,149,599,$149–$599/month,True,3,0,very_low,5/5,,DISCOVERED,0,,80,EXECUTE_NOW,18,20,20,12,0,5,5,1,False,False
ME-0299,Cash Collection Priority Queue,HERMES_MEGA_MONEY_ENGINE_PART_3_OF_5.md,HERMES_MEGA_MONEY_ENGINE_PART_3_OF_5.md:L16410,payments_admin,businesses with receivables,,"Rank overdue accounts by value, age and client-defined risk.",149,599,$149–$599/month,True,3,0,very_low,5/5,,DISCOVERED,0,,80,EXECUTE_NOW,18,20,20,12,0,5,5,1,False,False
ME-0301,Recurring Service Due List,HERMES_MEGA_MONEY_ENGINE_PART_3_OF_5.md,HERMES_MEGA_MONEY_ENGINE_PART_3_OF_5.md:L16736,retention,maintenance/service businesses,,Produce weekly list of customers likely due service.,149,999,$199–$999 setup or $149–$699/month,True,3,0,very_low,5/5,,DISCOVERED,0,,80,EXECUTE_NOW,18,20,20,12,0,5,5,1,False,False
ME-0302,Customer Dormancy Monitor,HERMES_MEGA_MONEY_ENGINE_PART_3_OF_5.md,HERMES_MEGA_MONEY_ENGINE_PART_3_OF_5.md:L16899,retention,repeat-purchase businesses,,Flag customers becoming inactive before they fully churn.,149,999,$199–$999 setup or $149–$699/month,True,3,0,very_low,5/5,,DISCOVERED,0,,80,EXECUTE_NOW,18,20,20,12,0,5,5,1,False,False
ME-0313,Industry Calendar Subscription,HERMES_MEGA_MONEY_ENGINE_PART_3_OF_5.md,HERMES_MEGA_MONEY_ENGINE_PART_3_OF_5.md:L18692,monitoring,niche business sectors,,"Maintain a calendar of deadlines, events, seasonal dates and buying periods.",99,999,$99–$999/month,True,3,0,very_low,5/5,,DISCOVERED,0,,80,EXECUTE_NOW,18,20,20,12,0,5,5,1,False,False
ME-0318,Repeat Purchase Reminder Engine,HERMES_MEGA_MONEY_ENGINE_PART_4_OF_5.md,HERMES_MEGA_MONEY_ENGINE_PART_4_OF_5.md:L490,retention,repeat-purchase businesses,,Prepare reminders based on typical repurchase interval.,149,999,$199–$999 setup or $149–$699/month,True,3,0,very_low,5/5,,DISCOVERED,0,,80,EXECUTE_NOW,18,20,20,12,0,5,5,1,False,False
ME-0329,Content Decay Monitor,HERMES_MEGA_MONEY_ENGINE_PART_4_OF_5.md,HERMES_MEGA_MONEY_ENGINE_PART_4_OF_5.md:L2283,monitoring,content-heavy websites,,Identify important older pages that likely need updating.,99,999,$99–$999/month,True,3,0,very_low,5/5,,DISCOVERED,0,,80,EXECUTE_NOW,18,20,20,12,0,5,5,1,False,False
ME-0124,Inbox Triage Service,HERMES_MEGA_MONEY_ENGINE_PART_2_OF_5.md,HERMES_MEGA_MONEY_ENGINE_PART_2_OF_5.md:L1774,inbox_ops,small businesses with busy shared inboxes,"The customer currently performs this work manually, inconsistently, too late, or not at all. The commercial opportunity is to replace repetitive analysis/admin/research with a structured Hermes workflow.",Classify incoming messages into priority/action categories and prepare summaries.,299,1000,"$299–$1,000/month",True,3,None,low,5/5,- Direct outreach to businesses visibly showing the problem. - Existing CATALYX contacts where relevant. - Local business directories and LinkedIn. - Partnerships with agencies/bookkeepers/consultants/trades. - Demonstration using lawful public information. - Upsell from adjacent Hermes services.,DISCOVERED,0,,79,VALIDATE_NEXT,20,16,20,7,10,5,1,1,False,True
ME-0130,Customer Risk Flagging,HERMES_MEGA_MONEY_ENGINE_PART_2_OF_5.md,HERMES_MEGA_MONEY_ENGINE_PART_2_OF_5.md:L2956,risk_ops,project/service businesses,"The customer currently performs this work manually, inconsistently, too late, or not at all. The commercial opportunity is to replace repetitive analysis/admin/research with a structured Hermes workflow.","Flag jobs with signs of scope confusion, repeated changes, payment delays or communication risk.",299,1500,"$299–$1,500/month",True,3,None,low,5/5,- Direct outreach to businesses visibly showing the problem. - Existing CATALYX contacts where relevant. - Local business directories and LinkedIn. - Partnerships with agencies/bookkeepers/consultants/trades. - Demonstration using lawful public information. - Upsell from adjacent Hermes services.,DISCOVERED,0,,79,VALIDATE_NEXT,20,16,20,7,10,5,1,1,False,True
ME-0131,Project Risk Register Service,HERMES_MEGA_MONEY_ENGINE_PART_2_OF_5.md,HERMES_MEGA_MONEY_ENGINE_PART_2_OF_5.md:L3153,risk_ops,project-based businesses,"The customer currently performs this work manually, inconsistently, too late, or not at all. The commercial opportunity is to replace repetitive analysis/admin/research with a structured Hermes workflow.","Maintain risk register with owner, status, impact and mitigation next step.",299,1500,"$299–$1,500/month",True,3,None,low,5/5,- Direct outreach to businesses visibly showing the problem. - Existing CATALYX contacts where relevant. - Local business directories and LinkedIn. - Partnerships with agencies/bookkeepers/consultants/trades. - Demonstration using lawful public information. - Upsell from adjacent Hermes services.,DISCOVERED,0,,79,VALIDATE_NEXT,20,16,20,7,10,5,1,1,False,True
ME-0132,Issue Tracker Management,HERMES_MEGA_MONEY_ENGINE_PART_2_OF_5.md,HERMES_MEGA_MONEY_ENGINE_PART_2_OF_5.md:L3350,risk_ops,teams handling recurring issues,"The customer currently performs this work manually, inconsistently, too late, or not at all. The commercial opportunity is to replace repetitive analysis/admin/research with a structured Hermes workflow.",Turn messages and notes into structured issues with status and ownership.,299,1500,"$299–$1,500/month",True,3,None,low,5/5,- Direct outreach to businesses visibly showing the problem. - Existing CATALYX contacts where relevant. - Local business directories and LinkedIn. - Partnerships with agencies/bookkeepers/consultants/trades. - Demonstration using lawful public information. - Upsell from adjacent Hermes services.,DISCOVERED,0,,79,VALIDATE_NEXT,20,16,20,7,10,5,1,1,False,True
ME-0133,Action Register Service,HERMES_MEGA_MONEY_ENGINE_PART_2_OF_5.md,HERMES_MEGA_MONEY_ENGINE_PART_2_OF_5.md:L3547,risk_ops,teams with frequent meetings,"The customer currently performs this work manually, inconsistently, too late, or not at all. The commercial opportunity is to replace repetitive analysis/admin/research with a structured Hermes workflow.",Convert meetings and emails into an updated action register.,299,1500,"$299–$1,500/month",True,3,None,low,5/5,- Direct outreach to businesses visibly showing the problem. - Existing CATALYX contacts where relevant. - Local business directories and LinkedIn. - Partnerships with agencies/bookkeepers/consultants/trades. - Demonstration using lawful public information. - Upsell from adjacent Hermes services.,DISCOVERED,0,,79,VALIDATE_NEXT,20,16,20,7,10,5,1,1,False,True
ME-0134,Decision Log Service,HERMES_MEGA_MONEY_ENGINE_PART_2_OF_5.md,HERMES_MEGA_MONEY_ENGINE_PART_2_OF_5.md:L3744,risk_ops,project and management teams,"The customer currently performs this work manually, inconsistently, too late, or not at all. The commercial opportunity is to replace repetitive analysis/admin/research with a structured Hermes workflow.","Maintain a traceable record of decisions, dates, rationale and owners.",299,1500,"$299–$1,500/month",True,3,None,low,5/5,- Direct outreach to businesses visibly showing the problem. - Existing CATALYX contacts where relevant. - Local business directories and LinkedIn. - Partnerships with agencies/bookkeepers/consultants/trades. - Demonstration using lawful public information. - Upsell from adjacent Hermes services.,DISCOVERED,0,,79,VALIDATE_NEXT,20,16,20,7,10,5,1,1,False,True
ME-0457,New Location Opening Monitor,HERMES_MEGA_MONEY_ENGINE_PART_5_OF_5.md,HERMES_MEGA_MONEY_ENGINE_PART_5_OF_5.md:L11287,trigger_leads,local B2B services,,Monitor public location-opening signals.,299,299,**NZ$299–799/month**,True,1,0,medium,,,DISCOVERED,0,,79,VALIDATE_NEXT,22,9,20,14,6,3,5,1,False,False
ME-0458,Hiring/Growth Signal Leads,HERMES_MEGA_MONEY_ENGINE_PART_5_OF_5.md,HERMES_MEGA_MONEY_ENGINE_PART_5_OF_5.md:L11496,trigger_leads,B2B sellers,,Find companies with hiring/growth signals and map likely needs.,299,299,**NZ$299–799/month**,True,1,0,medium,,,DISCOVERED,0,,79,VALIDATE_NEXT,22,9,20,14,6,3,5,1,False,False
ME-0475,Agency Client Research Service,HERMES_MEGA_MONEY_ENGINE_PART_5_OF_5.md,HERMES_MEGA_MONEY_ENGINE_PART_5_OF_5.md:L15049,white_label,marketing/web agencies,,Supply niche-specific researched prospects and proof notes.,299,299,**NZ$299–799/month**,True,1,0,medium,,,DISCOVERED,0,,79,VALIDATE_NEXT,22,9,20,14,6,3,5,1,False,False
ME-0477,Bookkeeper Lead Reactivation Partner Service,HERMES_MEGA_MONEY_ENGINE_PART_5_OF_5.md,HERMES_MEGA_MONEY_ENGINE_PART_5_OF_5.md:L15467,white_label,bookkeepers and SME advisors,,Offer white-label lead/reactivation service through bookkeepers.,299,299,**NZ$299–999/month**,True,1,0,medium,,,DISCOVERED,0,,79,VALIDATE_NEXT,22,9,20,14,6,3,5,1,False,False
ME-0484,Managed IT Referral Network,HERMES_MEGA_MONEY_ENGINE_PART_5_OF_5.md,HERMES_MEGA_MONEY_ENGINE_PART_5_OF_5.md:L16930,white_label,MSPs and IT providers,,Create white-label/referral service menu.,299,299,"**NZ$299–1,000/month**",True,1,0,medium,,,DISCOVERED,0,,79,VALIDATE_NEXT,22,9,20,14,6,3,5,1,False,False
ME-0491,Weekly Pipeline Clean-Up Service,HERMES_MEGA_MONEY_ENGINE_PART_5_OF_5.md,HERMES_MEGA_MONEY_ENGINE_PART_5_OF_5.md:L18393,sales_enablement,sales teams,,"Every Friday flag stale deals, missing fields and next actions.",299,299,**NZ$299–799/month**,True,1,0,medium,,,DISCOVERED,0,,79,VALIDATE_NEXT,22,9,20,14,6,3,5,1,False,False
ME-0490,Post-Meeting Follow-Up Subscription,HERMES_MEGA_MONEY_ENGINE_PART_5_OF_5.md,HERMES_MEGA_MONEY_ENGINE_PART_5_OF_5.md:L18184,sales_enablement,sales/account teams,,"Turn notes into action summary, CRM update and follow-up draft.",199,199,**NZ$199–799/month**,True,3,0,medium,,,DISCOVERED,0,,78,VALIDATE_NEXT,20,14,20,12,6,3,3,1,True,False
ME-0040,Case Study Creation Service,HERMES_MEGA_MONEY_ENGINE_PART_1_OF_5.md,HERMES_MEGA_MONEY_ENGINE_PART_1_OF_5.md:L4334,,Businesses with completed jobs but weak marketing proof.,,"Turn photos, job notes and outcomes into website case studies, posts, email content and sales snippets.",None,None,,False,1,0,very_low,5/5,,DISCOVERED,0,,77,VALIDATE_NEXT,25,20,4,12,6,5,5,1,False,False
ME-0058,Personalised Cold Email Packs,HERMES_MEGA_MONEY_ENGINE_PART_1_OF_5.md,HERMES_MEGA_MONEY_ENGINE_PART_1_OF_5.md:L7089,,B2B companies with known prospect lists.,,Research prospects and produce fact-based personalised opening lines and email drafts.,None,None,,False,1,0,very_low,5/5,,DISCOVERED,0,,77,VALIDATE_NEXT,25,20,4,12,6,5,5,1,False,False
ME-0075,Job / Opportunity Aggregation Service,HERMES_MEGA_MONEY_ENGINE_PART_1_OF_5.md,HERMES_MEGA_MONEY_ENGINE_PART_1_OF_5.md:L9844,,"Contractors, freelancers, niche jobseekers.",,Curated recurring feed of only matching jobs/projects/opportunities.,None,None,,True,7,0,very_low,5/5,,DISCOVERED,0,,77,VALIDATE_NEXT,15,20,20,12,0,5,5,1,False,False
ME-0078,Document Conversion / Knowledge Structuring,HERMES_MEGA_MONEY_ENGINE_PART_1_OF_5.md,HERMES_MEGA_MONEY_ENGINE_PART_1_OF_5.md:L10279,,"Businesses with messy PDFs, Word docs, spreadsheets and manuals.",,"Convert document collections into organised, searchable knowledge structures and summaries.",None,None,,False,1,0,very_low,5/5,,DISCOVERED,0,,77,VALIDATE_NEXT,25,20,4,12,6,5,5,1,False,False
ME-0094,Renewal Reminder Service,HERMES_MEGA_MONEY_ENGINE_PART_1_OF_5.md,HERMES_MEGA_MONEY_ENGINE_PART_1_OF_5.md:L13082,retention,"businesses with recurring servicing, inspections, memberships or renewals","The customer currently performs this work manually, inconsistently, too late, or not at all. The commercial opportunity is to replace repetitive analysis/admin/research with a structured Hermes workflow.","Prepare renewal reminders, due-date lists and rebooking prompts.",149,999,$199–$999 setup or $149–$599/month,True,3,None,low,5/5,- Direct outreach to businesses visibly showing the problem. - Existing CATALYX contacts where relevant. - Local business directories and LinkedIn. - Partnerships with agencies/bookkeepers/consultants/trades. - Demonstration using lawful public information. - Upsell from adjacent Hermes services.,DISCOVERED,0,,77,VALIDATE_NEXT,20,16,20,5,10,5,1,1,False,True
ME-0095,Customer Anniversary Campaigns,HERMES_MEGA_MONEY_ENGINE_PART_1_OF_5.md,HERMES_MEGA_MONEY_ENGINE_PART_1_OF_5.md:L13279,retention,service businesses with dated project histories,"The customer currently performs this work manually, inconsistently, too late, or not at all. The commercial opportunity is to replace repetitive analysis/admin/research with a structured Hermes workflow.","Create anniversary follow-ups, maintenance reminders, review requests and upsells.",149,999,$199–$999 setup or $149–$599/month,True,3,None,low,5/5,- Direct outreach to businesses visibly showing the problem. - Existing CATALYX contacts where relevant. - Local business directories and LinkedIn. - Partnerships with agencies/bookkeepers/consultants/trades. - Demonstration using lawful public information. - Upsell from adjacent Hermes services.,DISCOVERED,0,,77,VALIDATE_NEXT,20,16,20,5,10,5,1,1,False,True
ME-0099,Supplier Price Change Alerts,HERMES_MEGA_MONEY_ENGINE_PART_1_OF_5.md,HERMES_MEGA_MONEY_ENGINE_PART_1_OF_5.md:L14067,monitoring,product businesses and trades,"The customer currently performs this work manually, inconsistently, too late, or not at all. The commercial opportunity is to replace repetitive analysis/admin/research with a structured Hermes workflow.",Track approved public supplier prices and report meaningful changes.,99,999,$99–$999/month depending scope,True,3,None,low,5/5,- Direct outreach to businesses visibly showing the problem. - Existing CATALYX contacts where relevant. - Local business directories and LinkedIn. - Partnerships with agencies/bookkeepers/consultants/trades. - Demonstration using lawful public information. - Upsell from adjacent Hermes services.,DISCOVERED,0,,77,VALIDATE_NEXT,20,16,20,5,10,5,1,1,False,True
ME-0100,Supplier Risk Monitoring,HERMES_MEGA_MONEY_ENGINE_PART_1_OF_5.md,HERMES_MEGA_MONEY_ENGINE_PART_1_OF_5.md:L14264,monitoring,businesses dependent on key suppliers,"The customer currently performs this work manually, inconsistently, too late, or not at all. The commercial opportunity is to replace repetitive analysis/admin/research with a structured Hermes workflow.","Monitor public supplier changes such as closures, discontinued products, lead-time notices or ownership changes.",99,999,$99–$999/month depending scope,True,3,None,low,5/5,- Direct outreach to businesses visibly showing the problem. - Existing CATALYX contacts where relevant. - Local business directories and LinkedIn. - Partnerships with agencies/bookkeepers/consultants/trades. - Demonstration using lawful public information. - Upsell from adjacent Hermes services.,DISCOVERED,0,,77,VALIDATE_NEXT,20,16,20,5,10,5,1,1,False,True
ME-0110,Estimate Scope Library Builder,HERMES_MEGA_MONEY_ENGINE_PART_1_OF_5.md,HERMES_MEGA_MONEY_ENGINE_PART_1_OF_5.md:L16234,quote_ops,trades and project-based businesses,"The customer currently performs this work manually, inconsistently, too late, or not at all. The commercial opportunity is to replace repetitive analysis/admin/research with a structured Hermes workflow.",Create reusable scope blocks for common job types.,99,1200,"$199–$1,200 setup or $99–$599/month",True,3,None,low,5/5,- Direct outreach to businesses visibly showing the problem. - Existing CATALYX contacts where relevant. - Local business directories and LinkedIn. - Partnerships with agencies/bookkeepers/consultants/trades. - Demonstration using lawful public information. - Upsell from adjacent Hermes services.,DISCOVERED,0,,77,VALIDATE_NEXT,20,16,20,5,10,5,1,1,False,True
ME-0111,Exclusion & Assumption Library Builder,HERMES_MEGA_MONEY_ENGINE_PART_1_OF_5.md,HERMES_MEGA_MONEY_ENGINE_PART_1_OF_5.md:L16431,quote_ops,trades and consultants,"The customer currently performs this work manually, inconsistently, too late, or not at all. The commercial opportunity is to replace repetitive analysis/admin/research with a structured Hermes workflow.",Create a controlled library of reusable exclusions and assumptions from approved business rules.,99,1200,"$199–$1,200 setup or $99–$599/month",True,3,None,low,5/5,- Direct outreach to businesses visibly showing the problem. - Existing CATALYX contacts where relevant. - Local business directories and LinkedIn. - Partnerships with agencies/bookkeepers/consultants/trades. - Demonstration using lawful public information. - Upsell from adjacent Hermes services.,DISCOVERED,0,,77,VALIDATE_NEXT,20,16,20,5,10,5,1,1,False,True
ME-0112,Change-Order Drafting Service,HERMES_MEGA_MONEY_ENGINE_PART_1_OF_5.md,HERMES_MEGA_MONEY_ENGINE_PART_1_OF_5.md:L16628,quote_ops,project-based businesses,"The customer currently performs this work manually, inconsistently, too late, or not at all. The commercial opportunity is to replace repetitive analysis/admin/research with a structured Hermes workflow.",Turn supplied project changes into structured variation/change-order drafts.,99,1200,"$199–$1,200 setup or $99–$599/month",True,3,None,low,5/5,- Direct outreach to businesses visibly showing the problem. - Existing CATALYX contacts where relevant. - Local business directories and LinkedIn. - Partnerships with agencies/bookkeepers/consultants/trades. - Demonstration using lawful public information. - Upsell from adjacent Hermes services.,DISCOVERED,0,,77,VALIDATE_NEXT,20,16,20,5,10,5,1,1,False,True
ME-0113,Job Handover Pack Builder,HERMES_MEGA_MONEY_ENGINE_PART_1_OF_5.md,HERMES_MEGA_MONEY_ENGINE_PART_1_OF_5.md:L16825,project_admin,trades and project businesses,"The customer currently performs this work manually, inconsistently, too late, or not at all. The commercial opportunity is to replace repetitive analysis/admin/research with a structured Hermes workflow.","Create project handover packs with completion summary, care information and next steps.",49,1000,"$49–$299/report or $299–$1,000/month",True,3,None,low,5/5,- Direct outreach to businesses visibly showing the problem. - Existing CATALYX contacts where relevant. - Local business directories and LinkedIn. - Partnerships with agencies/bookkeepers/consultants/trades. - Demonstration using lawful public information. - Upsell from adjacent Hermes services.,DISCOVERED,0,,77,VALIDATE_NEXT,20,16,20,5,10,5,1,1,False,True
ME-0115,Defect Documentation Service,HERMES_MEGA_MONEY_ENGINE_PART_2_OF_5.md,HERMES_MEGA_MONEY_ENGINE_PART_2_OF_5.md:L1,project_admin,"builders, trades, property managers and inspectors","The customer currently performs this work manually, inconsistently, too late, or not at all. The commercial opportunity is to replace repetitive analysis/admin/research with a structured Hermes workflow.",Turn photos and notes into structured defect logs for qualified human review.,49,1000,"$49–$299/report or $299–$1,000/month",True,3,None,low,5/5,- Direct outreach to businesses visibly showing the problem. - Existing CATALYX contacts where relevant. - Local business directories and LinkedIn. - Partnerships with agencies/bookkeepers/consultants/trades. - Demonstration using lawful public information. - Upsell from adjacent Hermes services.,DISCOVERED,0,,77,VALIDATE_NEXT,20,16,20,5,10,5,1,1,False,True
ME-0116,Inspection Note Cleanup,HERMES_MEGA_MONEY_ENGINE_PART_2_OF_5.md,HERMES_MEGA_MONEY_ENGINE_PART_2_OF_5.md:L198,project_admin,"inspectors, trades and property teams","The customer currently performs this work manually, inconsistently, too late, or not at all. The commercial opportunity is to replace repetitive analysis/admin/research with a structured Hermes workflow.",Turn rough notes into clean professional inspection reports.,49,1000,"$49–$299/report or $299–$1,000/month",True,3,None,low,5/5,- Direct outreach to businesses visibly showing the problem. - Existing CATALYX contacts where relevant. - Local business directories and LinkedIn. - Partnerships with agencies/bookkeepers/consultants/trades. - Demonstration using lawful public information. - Upsell from adjacent Hermes services.,DISCOVERED,0,,77,VALIDATE_NEXT,20,16,20,5,10,5,1,1,False,True
ME-0117,Voice Note → Quote Service,HERMES_MEGA_MONEY_ENGINE_PART_2_OF_5.md,HERMES_MEGA_MONEY_ENGINE_PART_2_OF_5.md:L395,voice_automation,tradies and field service businesses,"The customer currently performs this work manually, inconsistently, too late, or not at all. The commercial opportunity is to replace repetitive analysis/admin/research with a structured Hermes workflow.","Convert short site voice notes into quote scopes, assumptions and follow-up drafts.",99,499,$99–$499/month or usage-based,True,3,None,low,5/5,- Direct outreach to businesses visibly showing the problem. - Existing CATALYX contacts where relevant. - Local business directories and LinkedIn. - Partnerships with agencies/bookkeepers/consultants/trades. - Demonstration using lawful public information. - Upsell from adjacent Hermes services.,DISCOVERED,0,,77,VALIDATE_NEXT,20,16,20,5,10,5,1,2,False,True
ME-0119,Voice Note → Daily Job Report,HERMES_MEGA_MONEY_ENGINE_PART_2_OF_5.md,HERMES_MEGA_MONEY_ENGINE_PART_2_OF_5.md:L789,voice_automation,construction and field teams,"The customer currently performs this work manually, inconsistently, too late, or not at all. The commercial opportunity is to replace repetitive analysis/admin/research with a structured Hermes workflow.",Convert worker voice notes into formatted daily progress reports.,99,499,$99–$499/month or usage-based,True,3,None,low,5/5,- Direct outreach to businesses visibly showing the problem. - Existing CATALYX contacts where relevant. - Local business directories and LinkedIn. - Partnerships with agencies/bookkeepers/consultants/trades. - Demonstration using lawful public information. - Upsell from adjacent Hermes services.,DISCOVERED,0,,77,VALIDATE_NEXT,20,16,20,5,10,5,1,2,False,True
ME-0120,Job Diary Service,HERMES_MEGA_MONEY_ENGINE_PART_2_OF_5.md,HERMES_MEGA_MONEY_ENGINE_PART_2_OF_5.md:L986,project_admin,project-based businesses,"The customer currently performs this work manually, inconsistently, too late, or not at all. The commercial opportunity is to replace repetitive analysis/admin/research with a structured Hermes workflow.","Maintain a chronological job diary from notes, photos, delays and changes.",49,1000,"$49–$299/report or $299–$1,000/month",True,3,None,low,5/5,- Direct outreach to businesses visibly showing the problem. - Existing CATALYX contacts where relevant. - Local business directories and LinkedIn. - Partnerships with agencies/bookkeepers/consultants/trades. - Demonstration using lawful public information. - Upsell from adjacent Hermes services.,DISCOVERED,0,,77,VALIDATE_NEXT,20,16,20,5,10,5,1,1,False,True
ME-0162,Maintenance Plan Builder,HERMES_MEGA_MONEY_ENGINE_PART_2_OF_5.md,HERMES_MEGA_MONEY_ENGINE_PART_2_OF_5.md:L9260,retention,"cleaning, flooring, landscaping, mechanical and maintenance businesses","The customer currently performs this work manually, inconsistently, too late, or not at all. The commercial opportunity is to replace repetitive analysis/admin/research with a structured Hermes workflow.",Create annual recurring service plan structures.,149,999,$199–$999 setup or $149–$599/month,True,3,None,low,5/5,- Direct outreach to businesses visibly showing the problem. - Existing CATALYX contacts where relevant. - Local business directories and LinkedIn. - Partnerships with agencies/bookkeepers/consultants/trades. - Demonstration using lawful public information. - Upsell from adjacent Hermes services.,DISCOVERED,0,,77,VALIDATE_NEXT,20,16,20,5,10,5,1,1,False,True
ME-0168,Lead Magnet Factory,HERMES_MEGA_MONEY_ENGINE_PART_2_OF_5.md,HERMES_MEGA_MONEY_ENGINE_PART_2_OF_5.md:L10442,content_assets,service businesses and agencies,"The customer currently performs this work manually, inconsistently, too late, or not at all. The commercial opportunity is to replace repetitive analysis/admin/research with a structured Hermes workflow.","Create useful calculators, guides, checklists and reports designed to capture leads.",99,999,$99–$999/project or subscription,True,3,None,low,5/5,- Direct outreach to businesses visibly showing the problem. - Existing CATALYX contacts where relevant. - Local business directories and LinkedIn. - Partnerships with agencies/bookkeepers/consultants/trades. - Demonstration using lawful public information. - Upsell from adjacent Hermes services.,DISCOVERED,0,,77,VALIDATE_NEXT,20,16,20,5,10,5,1,1,False,True
ME-0169,Quiz Lead Magnet Builder,HERMES_MEGA_MONEY_ENGINE_PART_2_OF_5.md,HERMES_MEGA_MONEY_ENGINE_PART_2_OF_5.md:L10639,content_assets,service businesses,"The customer currently performs this work manually, inconsistently, too late, or not at all. The commercial opportunity is to replace repetitive analysis/admin/research with a structured Hermes workflow.",Create diagnostic quizzes that segment leads and produce a useful result.,99,999,$99–$999/project or subscription,True,3,None,low,5/5,- Direct outreach to businesses visibly showing the problem. - Existing CATALYX contacts where relevant. - Local business directories and LinkedIn. - Partnerships with agencies/bookkeepers/consultants/trades. - Demonstration using lawful public information. - Upsell from adjacent Hermes services.,DISCOVERED,0,,77,VALIDATE_NEXT,20,16,20,5,10,5,1,1,False,True
ME-0170,Interactive Assessment Builder,HERMES_MEGA_MONEY_ENGINE_PART_2_OF_5.md,HERMES_MEGA_MONEY_ENGINE_PART_2_OF_5.md:L10836,content_assets,consultants and service businesses,"The customer currently performs this work manually, inconsistently, too late, or not at all. The commercial opportunity is to replace repetitive analysis/admin/research with a structured Hermes workflow.",Build questionnaire logic that produces personalised recommendations/reports.,99,999,$99–$999/project or subscription,True,3,None,low,5/5,- Direct outreach to businesses visibly showing the problem. - Existing CATALYX contacts where relevant. - Local business directories and LinkedIn. - Partnerships with agencies/bookkeepers/consultants/trades. - Demonstration using lawful public information. - Upsell from adjacent Hermes services.,DISCOVERED,0,,77,VALIDATE_NEXT,20,16,20,5,10,5,1,1,False,True
ME-0174,Buyer’s Guide Factory,HERMES_MEGA_MONEY_ENGINE_PART_2_OF_5.md,HERMES_MEGA_MONEY_ENGINE_PART_2_OF_5.md:L11624,content_assets,service/product businesses,"The customer currently performs this work manually, inconsistently, too late, or not at all. The commercial opportunity is to replace repetitive analysis/admin/research with a structured Hermes workflow.",Create useful industry-specific buyer guides as sales or lead-magnet assets.,99,999,$99–$999/project or subscription,True,3,None,low,5/5,- Direct outreach to businesses visibly showing the problem. - Existing CATALYX contacts where relevant. - Local business directories and LinkedIn. - Partnerships with agencies/bookkeepers/consultants/trades. - Demonstration using lawful public information. - Upsell from adjacent Hermes services.,DISCOVERED,0,,77,VALIDATE_NEXT,20,16,20,5,10,5,1,1,False,True
ME-0175,Questions to Ask Before Hiring Guides,HERMES_MEGA_MONEY_ENGINE_PART_2_OF_5.md,HERMES_MEGA_MONEY_ENGINE_PART_2_OF_5.md:L11821,content_assets,trades and professional services,"The customer currently performs this work manually, inconsistently, too late, or not at all. The commercial opportunity is to replace repetitive analysis/admin/research with a structured Hermes workflow.",Create trust-building buyer guides that help customers evaluate providers.,99,999,$99–$999/project or subscription,True,3,None,low,5/5,- Direct outreach to businesses visibly showing the problem. - Existing CATALYX contacts where relevant. - Local business directories and LinkedIn. - Partnerships with agencies/bookkeepers/consultants/trades. - Demonstration using lawful public information. - Upsell from adjacent Hermes services.,DISCOVERED,0,,77,VALIDATE_NEXT,20,16,20,5,10,5,1,1,False,True
ME-0185,Local Event Opportunity Monitor,HERMES_MEGA_MONEY_ENGINE_PART_2_OF_5.md,HERMES_MEGA_MONEY_ENGINE_PART_2_OF_5.md:L13791,monitoring,local businesses and brands,"The customer currently performs this work manually, inconsistently, too late, or not at all. The commercial opportunity is to replace repetitive analysis/admin/research with a structured Hermes workflow.","Find relevant expos, trade shows, community events and marketing opportunities.",99,999,$99–$999/month depending scope,True,3,None,low,5/5,- Direct outreach to businesses visibly showing the problem. - Existing CATALYX contacts where relevant. - Local business directories and LinkedIn. - Partnerships with agencies/bookkeepers/consultants/trades. - Demonstration using lawful public information. - Upsell from adjacent Hermes services.,DISCOVERED,0,,77,VALIDATE_NEXT,20,16,20,5,10,5,1,1,False,True
ME-0186,Sponsorship Opportunity Finder,HERMES_MEGA_MONEY_ENGINE_PART_2_OF_5.md,HERMES_MEGA_MONEY_ENGINE_PART_2_OF_5.md:L13988,monitoring,local businesses,"The customer currently performs this work manually, inconsistently, too late, or not at all. The commercial opportunity is to replace repetitive analysis/admin/research with a structured Hermes workflow.",Identify local clubs/events with potential brand exposure.,99,999,$99–$999/month depending scope,True,3,None,low,5/5,- Direct outreach to businesses visibly showing the problem. - Existing CATALYX contacts where relevant. - Local business directories and LinkedIn. - Partnerships with agencies/bookkeepers/consultants/trades. - Demonstration using lawful public information. - Upsell from adjacent Hermes services.,DISCOVERED,0,,77,VALIDATE_NEXT,20,16,20,5,10,5,1,1,False,True
ME-0191,PR Opportunity Monitor,HERMES_MEGA_MONEY_ENGINE_PART_2_OF_5.md,HERMES_MEGA_MONEY_ENGINE_PART_2_OF_5.md:L14973,monitoring,"brands, experts and agencies","The customer currently performs this work manually, inconsistently, too late, or not at all. The commercial opportunity is to replace repetitive analysis/admin/research with a structured Hermes workflow.",Monitor public media/source requests and flag relevant opportunities.,99,999,$99–$999/month depending scope,True,3,None,low,5/5,- Direct outreach to businesses visibly showing the problem. - Existing CATALYX contacts where relevant. - Local business directories and LinkedIn. - Partnerships with agencies/bookkeepers/consultants/trades. - Demonstration using lawful public information. - Upsell from adjacent Hermes services.,DISCOVERED,0,,77,VALIDATE_NEXT,20,16,20,5,10,5,1,1,False,True
ME-0192,Press Release Pack Service,HERMES_MEGA_MONEY_ENGINE_PART_2_OF_5.md,HERMES_MEGA_MONEY_ENGINE_PART_2_OF_5.md:L15170,content_assets,businesses with legitimate news,"The customer currently performs this work manually, inconsistently, too late, or not at all. The commercial opportunity is to replace repetitive analysis/admin/research with a structured Hermes workflow.","Create release, media pitch, social copy and spokesperson talking points.",99,999,$99–$999/project or subscription,True,3,None,low,5/5,- Direct outreach to businesses visibly showing the problem. - Existing CATALYX contacts where relevant. - Local business directories and LinkedIn. - Partnerships with agencies/bookkeepers/consultants/trades. - Demonstration using lawful public information. - Upsell from adjacent Hermes services.,DISCOVERED,0,,77,VALIDATE_NEXT,20,16,20,5,10,5,1,1,False,True
ME-0197,Commercial Property Prospect Monitor,HERMES_MEGA_MONEY_ENGINE_PART_2_OF_5.md,HERMES_MEGA_MONEY_ENGINE_PART_2_OF_5.md:L16155,monitoring,trades and B2B services,"The customer currently performs this work manually, inconsistently, too late, or not at all. The commercial opportunity is to replace repetitive analysis/admin/research with a structured Hermes workflow.",Identify newly listed/leased commercial properties that may create service demand.,99,999,$99–$999/month depending scope,True,3,None,low,5/5,- Direct outreach to businesses visibly showing the problem. - Existing CATALYX contacts where relevant. - Local business directories and LinkedIn. - Partnerships with agencies/bookkeepers/consultants/trades. - Demonstration using lawful public information. - Upsell from adjacent Hermes services.,DISCOVERED,0,,77,VALIDATE_NEXT,20,16,20,5,10,5,1,1,False,True
ME-0198,New Business Opening Monitor,HERMES_MEGA_MONEY_ENGINE_PART_2_OF_5.md,HERMES_MEGA_MONEY_ENGINE_PART_2_OF_5.md:L16352,monitoring,local service providers,"The customer currently performs this work manually, inconsistently, too late, or not at all. The commercial opportunity is to replace repetitive analysis/admin/research with a structured Hermes workflow.","Identify newly opening businesses that may need trades, signage, marketing, cleaning or fit-out.",99,999,$99–$999/month depending scope,True,3,None,low,5/5,- Direct outreach to businesses visibly showing the problem. - Existing CATALYX contacts where relevant. - Local business directories and LinkedIn. - Partnerships with agencies/bookkeepers/consultants/trades. - Demonstration using lawful public information. - Upsell from adjacent Hermes services.,DISCOVERED,0,,77,VALIDATE_NEXT,20,16,20,5,10,5,1,1,False,True
ME-0199,Building Consent Opportunity Research,HERMES_MEGA_MONEY_ENGINE_PART_2_OF_5.md,HERMES_MEGA_MONEY_ENGINE_PART_2_OF_5.md:L16549,monitoring,trades and suppliers,"The customer currently performs this work manually, inconsistently, too late, or not at all. The commercial opportunity is to replace repetitive analysis/admin/research with a structured Hermes workflow.",Use lawful public information to identify potential future project opportunities.,99,999,$99–$999/month depending scope,True,3,None,low,5/5,- Direct outreach to businesses visibly showing the problem. - Existing CATALYX contacts where relevant. - Local business directories and LinkedIn. - Partnerships with agencies/bookkeepers/consultants/trades. - Demonstration using lawful public information. - Upsell from adjacent Hermes services.,DISCOVERED,0,,77,VALIDATE_NEXT,20,16,20,5,10,5,1,1,False,True
ME-0200,Business Relocation Opportunity Monitor,HERMES_MEGA_MONEY_ENGINE_PART_2_OF_5.md,HERMES_MEGA_MONEY_ENGINE_PART_2_OF_5.md:L16746,monitoring,B2B service providers,"The customer currently performs this work manually, inconsistently, too late, or not at all. The commercial opportunity is to replace repetitive analysis/admin/research with a structured Hermes workflow.",Identify businesses moving premises and likely service needs.,99,999,$99–$999/month depending scope,True,3,None,low,5/5,- Direct outreach to businesses visibly showing the problem. - Existing CATALYX contacts where relevant. - Local business directories and LinkedIn. - Partnerships with agencies/bookkeepers/consultants/trades. - Demonstration using lawful public information. - Upsell from adjacent Hermes services.,DISCOVERED,0,,77,VALIDATE_NEXT,20,16,20,5,10,5,1,1,False,True
ME-0201,New Hire Signal Monitoring,HERMES_MEGA_MONEY_ENGINE_PART_2_OF_5.md,HERMES_MEGA_MONEY_ENGINE_PART_2_OF_5.md:L16943,monitoring,B2B sales teams,"The customer currently performs this work manually, inconsistently, too late, or not at all. The commercial opportunity is to replace repetitive analysis/admin/research with a structured Hermes workflow.","Track public hiring signals that may indicate growth, new sites or changing needs.",99,999,$99–$999/month depending scope,True,3,None,low,5/5,- Direct outreach to businesses visibly showing the problem. - Existing CATALYX contacts where relevant. - Local business directories and LinkedIn. - Partnerships with agencies/bookkeepers/consultants/trades. - Demonstration using lawful public information. - Upsell from adjacent Hermes services.,DISCOVERED,0,,77,VALIDATE_NEXT,20,16,20,5,10,5,1,1,False,True
ME-0202,Website Change Monitoring for Sales,HERMES_MEGA_MONEY_ENGINE_PART_3_OF_5.md,HERMES_MEGA_MONEY_ENGINE_PART_3_OF_5.md:L1,monitoring,B2B sales teams,"The customer currently performs this work manually, inconsistently, too late, or not at all. The commercial opportunity is to replace repetitive analysis/admin/research with a structured Hermes workflow.",Detect target-account website changes that create outreach triggers.,99,999,$99–$999/month depending scope,True,3,None,low,5/5,- Direct outreach to businesses visibly showing the problem. - Existing CATALYX contacts where relevant. - Local business directories and LinkedIn. - Partnerships with agencies/bookkeepers/consultants/trades. - Demonstration using lawful public information. - Upsell from adjacent Hermes services.,DISCOVERED,0,,77,VALIDATE_NEXT,20,16,20,5,10,5,1,1,False,True
ME-0203,Competitor New-Service Alerts,HERMES_MEGA_MONEY_ENGINE_PART_3_OF_5.md,HERMES_MEGA_MONEY_ENGINE_PART_3_OF_5.md:L198,monitoring,local businesses and product teams,"The customer currently performs this work manually, inconsistently, too late, or not at all. The commercial opportunity is to replace repetitive analysis/admin/research with a structured Hermes workflow.",Detect when competitors add new services/products.,99,999,$99–$999/month depending scope,True,3,None,low,5/5,- Direct outreach to businesses visibly showing the problem. - Existing CATALYX contacts where relevant. - Local business directories and LinkedIn. - Partnerships with agencies/bookkeepers/consultants/trades. - Demonstration using lawful public information. - Upsell from adjacent Hermes services.,DISCOVERED,0,,77,VALIDATE_NEXT,20,16,20,5,10,5,1,1,False,True
ME-0204,Competitor Promotion Tracker,HERMES_MEGA_MONEY_ENGINE_PART_3_OF_5.md,HERMES_MEGA_MONEY_ENGINE_PART_3_OF_5.md:L395,monitoring,businesses in competitive local markets,"The customer currently performs this work manually, inconsistently, too late, or not at all. The commercial opportunity is to replace repetitive analysis/admin/research with a structured Hermes workflow.",Track competitor promotions and offer patterns over time.,99,999,$99–$999/month depending scope,True,3,None,low,5/5,- Direct outreach to businesses visibly showing the problem. - Existing CATALYX contacts where relevant. - Local business directories and LinkedIn. - Partnerships with agencies/bookkeepers/consultants/trades. - Demonstration using lawful public information. - Upsell from adjacent Hermes services.,DISCOVERED,0,,77,VALIDATE_NEXT,20,16,20,5,10,5,1,1,False,True
ME-0207,FAQ SEO Factory,HERMES_MEGA_MONEY_ENGINE_PART_3_OF_5.md,HERMES_MEGA_MONEY_ENGINE_PART_3_OF_5.md:L986,content_assets,local businesses and ecommerce,"The customer currently performs this work manually, inconsistently, too late, or not at all. The commercial opportunity is to replace repetitive analysis/admin/research with a structured Hermes workflow.","Turn real customer questions into useful, source-backed FAQ content.",99,999,$99–$999/project or subscription,True,3,None,low,5/5,- Direct outreach to businesses visibly showing the problem. - Existing CATALYX contacts where relevant. - Local business directories and LinkedIn. - Partnerships with agencies/bookkeepers/consultants/trades. - Demonstration using lawful public information. - Upsell from adjacent Hermes services.,DISCOVERED,0,,77,VALIDATE_NEXT,20,16,20,5,10,5,1,1,False,True
ME-0208,Case Study SEO Factory,HERMES_MEGA_MONEY_ENGINE_PART_3_OF_5.md,HERMES_MEGA_MONEY_ENGINE_PART_3_OF_5.md:L1183,content_assets,project businesses,"The customer currently performs this work manually, inconsistently, too late, or not at all. The commercial opportunity is to replace repetitive analysis/admin/research with a structured Hermes workflow.",Turn completed projects into local-search case studies.,99,999,$99–$999/project or subscription,True,3,None,low,5/5,- Direct outreach to businesses visibly showing the problem. - Existing CATALYX contacts where relevant. - Local business directories and LinkedIn. - Partnerships with agencies/bookkeepers/consultants/trades. - Demonstration using lawful public information. - Upsell from adjacent Hermes services.,DISCOVERED,0,,77,VALIDATE_NEXT,20,16,20,5,10,5,1,1,False,True
ME-0210,Support-Ticket-to-Content Factory,HERMES_MEGA_MONEY_ENGINE_PART_3_OF_5.md,HERMES_MEGA_MONEY_ENGINE_PART_3_OF_5.md:L1577,content_assets,"SaaS, ecommerce and service businesses","The customer currently performs this work manually, inconsistently, too late, or not at all. The commercial opportunity is to replace repetitive analysis/admin/research with a structured Hermes workflow.","Turn recurring support questions into help articles, posts and videos.",99,999,$99–$999/project or subscription,True,3,None,low,5/5,- Direct outreach to businesses visibly showing the problem. - Existing CATALYX contacts where relevant. - Local business directories and LinkedIn. - Partnerships with agencies/bookkeepers/consultants/trades. - Demonstration using lawful public information. - Upsell from adjacent Hermes services.,DISCOVERED,0,,77,VALIDATE_NEXT,20,16,20,5,10,5,1,1,False,True
ME-0406,Instagram Profile Rescue,HERMES_MEGA_MONEY_ENGINE_PART_5_OF_5.md,HERMES_MEGA_MONEY_ENGINE_PART_5_OF_5.md:L628,social,local/service brands,,Rewrite profile and create first 9-post plan.,149,149,**NZ$149–399**,True,1,0,medium,,,DISCOVERED,0,,77,VALIDATE_NEXT,22,9,20,12,6,3,5,1,False,False
ME-0410,Job Photo Caption Service,HERMES_MEGA_MONEY_ENGINE_PART_5_OF_5.md,HERMES_MEGA_MONEY_ENGINE_PART_5_OF_5.md:L1464,social,trades with project photos,,Turn job photos into polished captions and CTAs.,49,49,**NZ$49–149/batch**,True,1,0,medium,,,DISCOVERED,0,,77,VALIDATE_NEXT,22,9,20,12,6,3,5,1,False,False
ME-0415,Monthly Promotion Generator,HERMES_MEGA_MONEY_ENGINE_PART_5_OF_5.md,HERMES_MEGA_MONEY_ENGINE_PART_5_OF_5.md:L2509,campaign,seasonal/capacity-driven businesses,,Recommend one monthly promotion with supporting assets.,99,99,**NZ$99–299/month**,True,1,0,medium,,,DISCOVERED,0,,77,VALIDATE_NEXT,22,9,20,12,6,3,5,1,False,False
ME-0456,New Website Launch Monitor,HERMES_MEGA_MONEY_ENGINE_PART_5_OF_5.md,HERMES_MEGA_MONEY_ENGINE_PART_5_OF_5.md:L11078,trigger_leads,B2B services,,Find new/changed sites and create outreach triggers.,199,199,**NZ$199–599/month**,True,1,0,medium,,,DISCOVERED,0,,77,VALIDATE_NEXT,22,9,20,12,6,3,5,1,False,False
ME-0492,Monday Sales Priority Service,HERMES_MEGA_MONEY_ENGINE_PART_5_OF_5.md,HERMES_MEGA_MONEY_ENGINE_PART_5_OF_5.md:L18602,sales_enablement,owner-led sales teams,,Every Monday rank top 10 sales opportunities and actions.,199,199,**NZ$199–599/month**,True,1,0,medium,,,DISCOVERED,0,,77,VALIDATE_NEXT,22,9,20,12,6,3,5,1,False,False
ME-0052,YouTube Research & Script Service,HERMES_MEGA_MONEY_ENGINE_PART_1_OF_5.md,HERMES_MEGA_MONEY_ENGINE_PART_1_OF_5.md:L6219,,"YouTubers, brands, educators.",,"Topic research, competitor analysis, hook options, structured script, title and thumbnail-text concepts.",None,None,,False,1,0,low,4/5,,DISCOVERED,0,,76,VALIDATE_NEXT,25,16,8,12,6,4,5,1,False,False
ME-0279,Acquisition Opportunity Scout,HERMES_MEGA_MONEY_ENGINE_PART_3_OF_5.md,HERMES_MEGA_MONEY_ENGINE_PART_3_OF_5.md:L13150,research,entrepreneurs and small investors,,Identify small businesses/assets publicly listed for sale and create first-pass research packs.,199,1200,"$199–$1,200/project",False,1,0,low,4/5,,DISCOVERED,0,,76,VALIDATE_NEXT,25,16,8,12,6,4,5,1,False,False
ME-0280,Subcontractor Research Service,HERMES_MEGA_MONEY_ENGINE_PART_3_OF_5.md,HERMES_MEGA_MONEY_ENGINE_PART_3_OF_5.md:L13313,research,"builders, agencies and service firms",,Build shortlists of subcontractors from lawful public business information.,199,1200,"$199–$1,200/project",False,1,0,low,4/5,,DISCOVERED,0,,76,VALIDATE_NEXT,25,16,8,12,6,4,5,1,False,False
ME-0281,Subcontractor Capability Matrix,HERMES_MEGA_MONEY_ENGINE_PART_3_OF_5.md,HERMES_MEGA_MONEY_ENGINE_PART_3_OF_5.md:L13476,research,project businesses,,"Compare subcontractors by services, geography, supplied/public credentials and availability evidence.",199,1200,"$199–$1,200/project",False,1,0,low,4/5,,DISCOVERED,0,,76,VALIDATE_NEXT,25,16,8,12,6,4,5,1,False,False
ME-0294,Unbilled Work Finder,HERMES_MEGA_MONEY_ENGINE_PART_3_OF_5.md,HERMES_MEGA_MONEY_ENGINE_PART_3_OF_5.md:L15595,analytics,project/service businesses,,Compare supplied work notes against invoice items and flag possible omissions for review.,299,2000,"$299–$2,000/project or recurring",False,3,0,very_low,5/5,,DISCOVERED,0,,76,VALIDATE_NEXT,20,20,8,14,6,5,3,1,True,False
ME-0309,Agency Overflow Marketplace Research,HERMES_MEGA_MONEY_ENGINE_PART_3_OF_5.md,HERMES_MEGA_MONEY_ENGINE_PART_3_OF_5.md:L18040,research,white-label service providers,,Find agencies likely to need overflow production based on public signals.,199,1200,"$199–$1,200/project",False,1,0,low,4/5,,DISCOVERED,0,,76,VALIDATE_NEXT,25,16,8,12,6,4,5,1,False,False
ME-0310,Freelancer Bench Builder,HERMES_MEGA_MONEY_ENGINE_PART_3_OF_5.md,HERMES_MEGA_MONEY_ENGINE_PART_3_OF_5.md:L18203,research,agencies and SMEs,,Build a vetted research shortlist of freelancers by speciality.,199,1200,"$199–$1,200/project",False,1,0,low,4/5,,DISCOVERED,0,,76,VALIDATE_NEXT,25,16,8,12,6,4,5,1,False,False
ME-0311,Expert Directory Builder,HERMES_MEGA_MONEY_ENGINE_PART_3_OF_5.md,HERMES_MEGA_MONEY_ENGINE_PART_3_OF_5.md:L18366,research,niche industries,,Curate experts/consultants by speciality and source-backed credentials.,199,1200,"$199–$1,200/project",False,1,0,low,4/5,,DISCOVERED,0,,76,VALIDATE_NEXT,25,16,8,12,6,4,5,1,False,False
ME-0324,Brand Voice Consistency Checker,HERMES_MEGA_MONEY_ENGINE_PART_4_OF_5.md,HERMES_MEGA_MONEY_ENGINE_PART_4_OF_5.md:L1468,audit,brands with many channels,,"Compare website, email, social and support copy for voice consistency.",149,999,$149–$999/project,False,1,0,low,4/5,,DISCOVERED,0,,76,VALIDATE_NEXT,25,16,8,12,6,4,5,1,False,False
ME-0325,Claim Consistency Checker,HERMES_MEGA_MONEY_ENGINE_PART_4_OF_5.md,HERMES_MEGA_MONEY_ENGINE_PART_4_OF_5.md:L1631,audit,businesses with many marketing assets,,Identify contradictory claims across channels.,149,999,$149–$999/project,False,1,0,low,4/5,,DISCOVERED,0,,76,VALIDATE_NEXT,25,16,8,12,6,4,5,1,False,False
ME-0224,Revenue Forecast Commentary Service,HERMES_MEGA_MONEY_ENGINE_PART_3_OF_5.md,HERMES_MEGA_MONEY_ENGINE_PART_3_OF_5.md:L4185,business_intelligence,pipeline-driven businesses,,"Turn pipeline/export data into scenario commentary, risks and opportunity notes.",299,1500,"$299–$1,500/month",True,7,0,very_low,5/5,,DISCOVERED,0,,75,VALIDATE_NEXT,13,20,20,14,0,5,3,1,True,False
ME-0225,Pipeline Hygiene Auditor,HERMES_MEGA_MONEY_ENGINE_PART_3_OF_5.md,HERMES_MEGA_MONEY_ENGINE_PART_3_OF_5.md:L4348,sales_ops,sales teams using CRM,,"Find stale, duplicate, impossible or poorly classified opportunities.",299,1200,"$299–$1,200/month",True,7,0,very_low,5/5,,DISCOVERED,0,,75,VALIDATE_NEXT,13,20,20,14,0,5,3,1,True,False
ME-0227,Pipeline Stagnation Alert,HERMES_MEGA_MONEY_ENGINE_PART_3_OF_5.md,HERMES_MEGA_MONEY_ENGINE_PART_3_OF_5.md:L4674,sales_ops,sales teams,,Identify leads or deals stuck too long at one stage.,299,1200,"$299–$1,200/month",True,7,0,very_low,5/5,,DISCOVERED,0,,75,VALIDATE_NEXT,13,20,20,14,0,5,3,1,True,False
ME-0238,Scheduling Gap Analysis,HERMES_MEGA_MONEY_ENGINE_PART_3_OF_5.md,HERMES_MEGA_MONEY_ENGINE_PART_3_OF_5.md:L6467,operations,appointment/job-based businesses,,"Identify dead periods, overbooking and inefficient spacing in schedules.",299,1500,"$299–$1,500/month",True,7,0,very_low,5/5,,DISCOVERED,0,,75,VALIDATE_NEXT,13,20,20,14,0,5,3,1,True,False
ME-0248,Photo-to-Preliminary-Scope Assistant,HERMES_MEGA_MONEY_ENGINE_PART_3_OF_5.md,HERMES_MEGA_MONEY_ENGINE_PART_3_OF_5.md:L8097,vision_ops,trades and property services,,Organise customer photos into a preliminary scope for human verification.,199,999,$199–$999/month or usage-based,True,3,0,low,4/5,,DISCOVERED,0,,75,VALIDATE_NEXT,18,16,20,12,0,4,5,1,False,False
ME-0249,Photo Quality Checker for Quotes,HERMES_MEGA_MONEY_ENGINE_PART_3_OF_5.md,HERMES_MEGA_MONEY_ENGINE_PART_3_OF_5.md:L8260,vision_ops,remote-quote businesses,,Tell customers which additional photos or angles are needed before quoting.,199,999,$199–$999/month or usage-based,True,3,0,low,4/5,,DISCOVERED,0,,75,VALIDATE_NEXT,18,16,20,12,0,4,5,1,False,False
ME-0250,Photo-to-Inventory Service,HERMES_MEGA_MONEY_ENGINE_PART_3_OF_5.md,HERMES_MEGA_MONEY_ENGINE_PART_3_OF_5.md:L8423,vision_ops,"warehouses, stores and asset owners",,Turn photos plus notes into a preliminary asset or catalogue list.,199,999,$199–$999/month or usage-based,True,3,0,low,4/5,,DISCOVERED,0,,75,VALIDATE_NEXT,18,16,20,12,0,4,5,1,False,False
ME-0305,Cross-Business Referral Marketplace,HERMES_MEGA_MONEY_ENGINE_PART_3_OF_5.md,HERMES_MEGA_MONEY_ENGINE_PART_3_OF_5.md:L17388,partnerships,non-competing local businesses,,Match complementary businesses and track referral opportunities.,199,999,$199–$999/project or $199–$599/month,True,3,0,low,4/5,,DISCOVERED,0,,75,VALIDATE_NEXT,18,16,20,12,0,4,5,1,False,False
ME-0306,Local Trade Collaboration Finder,HERMES_MEGA_MONEY_ENGINE_PART_3_OF_5.md,HERMES_MEGA_MONEY_ENGINE_PART_3_OF_5.md:L17551,partnerships,trades and project businesses,,"Identify potential joint-quote, overflow or subcontract opportunities.",199,999,$199–$999/project or $199–$599/month,True,3,0,low,4/5,,DISCOVERED,0,,75,VALIDATE_NEXT,18,16,20,12,0,4,5,1,False,False
ME-0308,Capacity Exchange Network,HERMES_MEGA_MONEY_ENGINE_PART_3_OF_5.md,HERMES_MEGA_MONEY_ENGINE_PART_3_OF_5.md:L17877,partnerships,agencies/trades with variable workloads,,Match businesses with spare capacity to businesses needing temporary overflow support.,199,999,$199–$999/project or $199–$599/month,True,3,0,low,4/5,,DISCOVERED,0,,75,VALIDATE_NEXT,18,16,20,12,0,4,5,1,False,False
ME-0073,Supplier Directory Products,HERMES_MEGA_MONEY_ENGINE_PART_1_OF_5.md,HERMES_MEGA_MONEY_ENGINE_PART_1_OF_5.md:L9554,,Businesses in fragmented supplier markets.,,"Curated niche supplier directory with categories, capabilities, locations and source links.",None,None,,False,1,0,very_low,5/5,,DISCOVERED,0,,74,VALIDATE_NEXT,22,20,4,12,6,5,5,1,False,False
ME-0074,Local Market Directories,HERMES_MEGA_MONEY_ENGINE_PART_1_OF_5.md,HERMES_MEGA_MONEY_ENGINE_PART_1_OF_5.md:L9699,,"Agencies, sales teams, investors, service providers.",,"Curated directories such as property managers, industrial businesses, builders or suppliers.",None,None,,False,1,0,very_low,5/5,,DISCOVERED,0,,74,VALIDATE_NEXT,22,20,4,12,6,5,5,1,False,False
ME-0086,RFP Response Library Builder,HERMES_MEGA_MONEY_ENGINE_PART_1_OF_5.md,HERMES_MEGA_MONEY_ENGINE_PART_1_OF_5.md:L11439,,B2B firms repeatedly answering procurement questionnaires.,,Build a verified reusable answer library mapped to source evidence and review dates.,None,None,,False,1,0,very_low,5/5,,DISCOVERED,0,,74,VALIDATE_NEXT,22,20,4,12,6,5,5,1,False,False
ME-0126,Lead Priority Queue,HERMES_MEGA_MONEY_ENGINE_PART_2_OF_5.md,HERMES_MEGA_MONEY_ENGINE_PART_2_OF_5.md:L2168,sales_ops,sales teams and owner-operators,"The customer currently performs this work manually, inconsistently, too late, or not at all. The commercial opportunity is to replace repetitive analysis/admin/research with a structured Hermes workflow.","Rank active leads daily by value, urgency and likelihood using approved rules.",299,1200,"$299–$1,200/month",True,7,None,low,5/5,- Direct outreach to businesses visibly showing the problem. - Existing CATALYX contacts where relevant. - Local business directories and LinkedIn. - Partnerships with agencies/bookkeepers/consultants/trades. - Demonstration using lawful public information. - Upsell from adjacent Hermes services.,DISCOVERED,0,,74,VALIDATE_NEXT,15,16,20,7,10,5,1,1,True,True
ME-0127,Daily Sales Brief,HERMES_MEGA_MONEY_ENGINE_PART_2_OF_5.md,HERMES_MEGA_MONEY_ENGINE_PART_2_OF_5.md:L2365,sales_ops,sales teams and owner-operators,"The customer currently performs this work manually, inconsistently, too late, or not at all. The commercial opportunity is to replace repetitive analysis/admin/research with a structured Hermes workflow.","Produce a morning brief of hottest leads, quotes to chase and overdue follow-ups.",299,1200,"$299–$1,200/month",True,7,None,low,5/5,- Direct outreach to businesses visibly showing the problem. - Existing CATALYX contacts where relevant. - Local business directories and LinkedIn. - Partnerships with agencies/bookkeepers/consultants/trades. - Demonstration using lawful public information. - Upsell from adjacent Hermes services.,DISCOVERED,0,,74,VALIDATE_NEXT,15,16,20,7,10,5,1,2,True,True
ME-0128,Weekly Owner Brief,HERMES_MEGA_MONEY_ENGINE_PART_2_OF_5.md,HERMES_MEGA_MONEY_ENGINE_PART_2_OF_5.md:L2562,business_intelligence,small-business owners,"The customer currently performs this work manually, inconsistently, too late, or not at all. The commercial opportunity is to replace repetitive analysis/admin/research with a structured Hermes workflow.","Produce a concise weekly summary of important sales, operations and risk issues.",299,1500,"$299–$1,500/month",True,7,None,low,5/5,- Direct outreach to businesses visibly showing the problem. - Existing CATALYX contacts where relevant. - Local business directories and LinkedIn. - Partnerships with agencies/bookkeepers/consultants/trades. - Demonstration using lawful public information. - Upsell from adjacent Hermes services.,DISCOVERED,0,,74,VALIDATE_NEXT,15,16,20,7,10,5,1,1,True,True
ME-0129,Daily Operations Brief,HERMES_MEGA_MONEY_ENGINE_PART_2_OF_5.md,HERMES_MEGA_MONEY_ENGINE_PART_2_OF_5.md:L2759,business_intelligence,operations-heavy small businesses,"The customer currently performs this work manually, inconsistently, too late, or not at all. The commercial opportunity is to replace repetitive analysis/admin/research with a structured Hermes workflow.","Summarize upcoming jobs, missing materials, customer questions and deadlines.",299,1500,"$299–$1,500/month",True,7,None,low,5/5,- Direct outreach to businesses visibly showing the problem. - Existing CATALYX contacts where relevant. - Local business directories and LinkedIn. - Partnerships with agencies/bookkeepers/consultants/trades. - Demonstration using lawful public information. - Upsell from adjacent Hermes services.,DISCOVERED,0,,74,VALIDATE_NEXT,15,16,20,7,10,5,1,1,True,True
ME-0137,Idea Backlog Manager,HERMES_MEGA_MONEY_ENGINE_PART_2_OF_5.md,HERMES_MEGA_MONEY_ENGINE_PART_2_OF_5.md:L4335,strategy,founders and innovation teams,"The customer currently performs this work manually, inconsistently, too late, or not at all. The commercial opportunity is to replace repetitive analysis/admin/research with a structured Hermes workflow.",Score business ideas weekly and recommend which to test next.,299,1500,"$299–$1,500/project",True,3,None,medium,4/5,- Direct outreach to businesses visibly showing the problem. - Existing CATALYX contacts where relevant. - Local business directories and LinkedIn. - Partnerships with agencies/bookkeepers/consultants/trades. - Demonstration using lawful public information. - Upsell from adjacent Hermes services.,DISCOVERED,0,,74,VALIDATE_NEXT,20,12,20,7,10,4,1,1,False,True
ME-0163,Subscription Opportunity Audit,HERMES_MEGA_MONEY_ENGINE_PART_2_OF_5.md,HERMES_MEGA_MONEY_ENGINE_PART_2_OF_5.md:L9457,strategy,one-off service businesses,"The customer currently performs this work manually, inconsistently, too late, or not at all. The commercial opportunity is to replace repetitive analysis/admin/research with a structured Hermes workflow.",Identify existing services that could become recurring subscriptions.,299,1500,"$299–$1,500/project",True,3,None,medium,4/5,- Direct outreach to businesses visibly showing the problem. - Existing CATALYX contacts where relevant. - Local business directories and LinkedIn. - Partnerships with agencies/bookkeepers/consultants/trades. - Demonstration using lawful public information. - Upsell from adjacent Hermes services.,DISCOVERED,0,,74,VALIDATE_NEXT,20,12,20,7,10,4,1,1,False,True
ME-0041,Monthly Business Report Service,HERMES_MEGA_MONEY_ENGINE_PART_1_OF_5.md,HERMES_MEGA_MONEY_ENGINE_PART_1_OF_5.md:L4479,,"SMEs that export basic sales, marketing, customer or ops data.",,"Turn exports into an owner-friendly monthly performance report with trends, anomalies and actions.",None,None,,True,7,0,very_low,5/5,,DISCOVERED,0,,73,VALIDATE_NEXT,13,20,20,12,0,5,3,1,True,False
ME-0089,Subscription Churn Analysis,HERMES_MEGA_MONEY_ENGINE_PART_1_OF_5.md,HERMES_MEGA_MONEY_ENGINE_PART_1_OF_5.md:L11874,,SaaS/subscription businesses.,,"Analyse churn data, support notes and cancellation feedback into cohorts, causes and tests.",None,None,,True,7,0,very_low,5/5,,DISCOVERED,0,,73,VALIDATE_NEXT,13,20,20,12,0,5,3,1,True,False
ME-0212,After-Hours Enquiry Processor,HERMES_MEGA_MONEY_ENGINE_PART_3_OF_5.md,HERMES_MEGA_MONEY_ENGINE_PART_3_OF_5.md:L2229,sales_recovery,service businesses receiving overnight enquiries,,Classify overnight enquiries and produce a morning action queue with response drafts.,149,799,$199–$799 setup or $149–$599/month,True,7,0,very_low,5/5,,DISCOVERED,0,,73,VALIDATE_NEXT,13,20,20,12,0,5,3,1,True,False
ME-0214,Deposit Reminder Engine,HERMES_MEGA_MONEY_ENGINE_PART_3_OF_5.md,HERMES_MEGA_MONEY_ENGINE_PART_3_OF_5.md:L2555,payments_admin,project/service businesses,,Track approved deposits due and prepare polite reminder drafts.,149,599,$149–$599/month,True,7,0,very_low,5/5,,DISCOVERED,0,,73,VALIDATE_NEXT,13,20,20,12,0,5,3,1,True,False
ME-0295,Invoice Description Generator,HERMES_MEGA_MONEY_ENGINE_PART_3_OF_5.md,HERMES_MEGA_MONEY_ENGINE_PART_3_OF_5.md:L15758,payments_admin,trades and service businesses,,Turn job notes into clear invoice descriptions.,149,599,$149–$599/month,True,7,0,very_low,5/5,,DISCOVERED,0,,73,VALIDATE_NEXT,13,20,20,12,0,5,3,1,True,False
ME-0380,Mobile Website Audit,HERMES_MEGA_MONEY_ENGINE_PART_4_OF_5.md,HERMES_MEGA_MONEY_ENGINE_PART_4_OF_5.md:L14540,audit,local businesses with poor mobile UX,,Produce a mobile-specific issue report and fix recommendations.,149,149,**NZ$149–399**,False,1,0,medium,,,DISCOVERED,0,,73,VALIDATE_NEXT,25,14,8,12,6,3,5,1,False,False
ME-0391,Competitor Review Gap Pitch,HERMES_MEGA_MONEY_ENGINE_PART_4_OF_5.md,HERMES_MEGA_MONEY_ENGINE_PART_4_OF_5.md:L16839,competitive,local businesses,,Show how the business can position against repeated competitor complaints.,149,149,**NZ$149–499**,False,1,0,medium,,,DISCOVERED,0,,73,VALIDATE_NEXT,25,14,8,12,6,3,5,1,False,False
ME-0394,Review-to-Service Improvement Report,HERMES_MEGA_MONEY_ENGINE_PART_4_OF_5.md,HERMES_MEGA_MONEY_ENGINE_PART_4_OF_5.md:L17466,competitive,customer-facing businesses,,Analyse review themes and recommend operational priorities.,199,199,**NZ$199–699**,False,1,0,medium,,,DISCOVERED,0,,73,VALIDATE_NEXT,25,14,8,12,6,3,5,1,False,False
ME-0395,Top 10 Competitor Weakness Report,HERMES_MEGA_MONEY_ENGINE_PART_4_OF_5.md,HERMES_MEGA_MONEY_ENGINE_PART_4_OF_5.md:L17675,competitive,local SMEs,,Produce a concise 10-point competitive weakness report.,199,199,**NZ$199–499**,False,1,0,medium,,,DISCOVERED,0,,73,VALIDATE_NEXT,25,14,8,12,6,3,5,1,False,False
ME-0396,Competitor Pricing Snapshot,HERMES_MEGA_MONEY_ENGINE_PART_4_OF_5.md,HERMES_MEGA_MONEY_ENGINE_PART_4_OF_5.md:L17884,competitive,markets with public pricing,,Compare public prices/packages and identify positioning options.,149,149,**NZ$149–499**,False,1,0,medium,,,DISCOVERED,0,,73,VALIDATE_NEXT,25,14,8,12,6,3,5,1,False,False
ME-0397,Competitor Offer Matrix,HERMES_MEGA_MONEY_ENGINE_PART_4_OF_5.md,HERMES_MEGA_MONEY_ENGINE_PART_4_OF_5.md:L18093,competitive,multi-service markets,,Create a service/offer matrix and white-space opportunities.,199,199,**NZ$199–599**,False,1,0,medium,,,DISCOVERED,0,,73,VALIDATE_NEXT,25,14,8,12,6,3,5,1,False,False
ME-0398,Competitor Content Audit,HERMES_MEGA_MONEY_ENGINE_PART_4_OF_5.md,HERMES_MEGA_MONEY_ENGINE_PART_4_OF_5.md:L18302,competitive,content-driven local businesses,,"Map competitor topics, frequency, gaps and opportunities.",199,199,**NZ$199–599**,False,1,0,medium,,,DISCOVERED,0,,73,VALIDATE_NEXT,25,14,8,12,6,3,5,1,False,False
ME-0399,Competitor Google Presence Audit,HERMES_MEGA_MONEY_ENGINE_PART_4_OF_5.md,HERMES_MEGA_MONEY_ENGINE_PART_4_OF_5.md:L18511,competitive,local businesses,,"Compare reviews, services, posts, FAQs and positioning.",199,199,**NZ$199–499**,False,1,0,medium,,,DISCOVERED,0,,73,VALIDATE_NEXT,25,14,8,12,6,3,5,1,False,False
ME-0400,Competitor Homepage Comparison,HERMES_MEGA_MONEY_ENGINE_PART_4_OF_5.md,HERMES_MEGA_MONEY_ENGINE_PART_4_OF_5.md:L18720,competitive,local businesses,,Score 5 homepages side by side and recommend improvements.,149,149,**NZ$149–399**,False,1,0,medium,,,DISCOVERED,0,,73,VALIDATE_NEXT,25,14,8,12,6,3,5,1,False,False
ME-0402,Competitor Promotion Calendar,HERMES_MEGA_MONEY_ENGINE_PART_4_OF_5.md,HERMES_MEGA_MONEY_ENGINE_PART_4_OF_5.md:L19138,competitive,businesses in seasonal markets,,Track public promotions and recommend campaign timing.,199,199,**NZ$199–599**,False,1,0,medium,,,DISCOVERED,0,,73,VALIDATE_NEXT,25,14,8,12,6,3,5,1,False,False
ME-0403,Market Gap Snapshot,HERMES_MEGA_MONEY_ENGINE_PART_5_OF_5.md,HERMES_MEGA_MONEY_ENGINE_PART_5_OF_5.md:L1,competitive,local/niche businesses,,Create a short market-gap report with validation actions.,199,199,**NZ$199–499**,False,1,0,medium,,,DISCOVERED,0,,73,VALIDATE_NEXT,25,14,8,12,6,3,5,1,False,False
ME-0404,What Customers Actually Want Report,HERMES_MEGA_MONEY_ENGINE_PART_5_OF_5.md,HERMES_MEGA_MONEY_ENGINE_PART_5_OF_5.md:L210,competitive,local businesses,,Mine public reviews/discussions for buying criteria and objections.,199,199,**NZ$199–699**,False,1,0,medium,,,DISCOVERED,0,,73,VALIDATE_NEXT,25,14,8,12,6,3,5,1,False,False
ME-0442,Lapsed VIP Customer Report,HERMES_MEGA_MONEY_ENGINE_PART_5_OF_5.md,HERMES_MEGA_MONEY_ENGINE_PART_5_OF_5.md:L8152,retention,businesses with strong repeat customers,,Identify lapsed VIPs and create re-engagement actions.,199,199,**NZ$199–499**,False,1,0,medium,,,DISCOVERED,0,,73,VALIDATE_NEXT,25,14,8,12,6,3,5,1,False,False
ME-0018,MONEY ENGINE 19 — EMAIL MARKETING SERVICE,HERMES_MEGA_MONEY_ENGINE_PART_1_OF_5.md,HERMES_MEGA_MONEY_ENGINE_PART_1_OF_5.md:L2205,,,,- Monthly newsletter. - Promotion campaign. - Customer reactivation. - Seasonal campaign. - Post-purchase follow-up. - Content calendar.,None,None,,True,3,0,medium,,,DISCOVERED,0,,72,VALIDATE_NEXT,18,14,20,12,0,3,5,1,False,False
ME-0035,Digital Mystery Shopper Audit,HERMES_MEGA_MONEY_ENGINE_PART_1_OF_5.md,HERMES_MEGA_MONEY_ENGINE_PART_1_OF_5.md:L3609,,"Service businesses with websites, enquiry forms, booking flows, or slow lead handling.",,"A full customer-journey review from first impression to enquiry, identifying friction and lost-conversion points.",None,None,,False,1,0,low,4/5,,DISCOVERED,0,,72,VALIDATE_NEXT,25,16,4,12,6,4,5,1,False,False
ME-0071,Funding / Grant Research Service,HERMES_MEGA_MONEY_ENGINE_PART_1_OF_5.md,HERMES_MEGA_MONEY_ENGINE_PART_1_OF_5.md:L9264,,"SMEs, startups, community organisations.",,"Research current programs, summarise fit, evidence needed, deadlines and next steps.",None,None,,False,1,0,low,4/5,,DISCOVERED,0,,72,VALIDATE_NEXT,25,16,4,12,6,4,5,1,False,False
ME-0091,Quote Follow-Up Engine,HERMES_MEGA_MONEY_ENGINE_PART_1_OF_5.md,HERMES_MEGA_MONEY_ENGINE_PART_1_OF_5.md:L12491,sales_followup,quote-heavy trades and service businesses,"The customer currently performs this work manually, inconsistently, too late, or not at all. The commercial opportunity is to replace repetitive analysis/admin/research with a structured Hermes workflow.","Track outstanding quotes and prepare timed follow-up messages based on quote age, value, objections and prior contact.",99,799,$199–$799 setup or $99–$499/month,True,7,None,low,5/5,- Direct outreach to businesses visibly showing the problem. - Existing CATALYX contacts where relevant. - Local business directories and LinkedIn. - Partnerships with agencies/bookkeepers/consultants/trades. - Demonstration using lawful public information. - Upsell from adjacent Hermes services.,DISCOVERED,0,,72,VALIDATE_NEXT,15,16,20,5,10,5,1,2,True,True
ME-0092,No-Response Lead Rescue,HERMES_MEGA_MONEY_ENGINE_PART_1_OF_5.md,HERMES_MEGA_MONEY_ENGINE_PART_1_OF_5.md:L12688,sales_followup,businesses with enquiries that stopped replying,"The customer currently performs this work manually, inconsistently, too late, or not at all. The commercial opportunity is to replace repetitive analysis/admin/research with a structured Hermes workflow.","Classify cold leads and prepare alternative follow-up angles, timing and requalification prompts.",99,799,$199–$799 setup or $99–$499/month,True,7,None,low,5/5,- Direct outreach to businesses visibly showing the problem. - Existing CATALYX contacts where relevant. - Local business directories and LinkedIn. - Partnerships with agencies/bookkeepers/consultants/trades. - Demonstration using lawful public information. - Upsell from adjacent Hermes services.,DISCOVERED,0,,72,VALIDATE_NEXT,15,16,20,5,10,5,1,1,True,True
ME-0093,Old Customer Win-Back Campaigns,HERMES_MEGA_MONEY_ENGINE_PART_1_OF_5.md,HERMES_MEGA_MONEY_ENGINE_PART_1_OF_5.md:L12885,retention,businesses with past customers,"The customer currently performs this work manually, inconsistently, too late, or not at all. The commercial opportunity is to replace repetitive analysis/admin/research with a structured Hermes workflow.",Identify lapsed customers and create segmented reactivation campaigns.,149,999,$199–$999 setup or $149–$599/month,True,7,None,low,5/5,- Direct outreach to businesses visibly showing the problem. - Existing CATALYX contacts where relevant. - Local business directories and LinkedIn. - Partnerships with agencies/bookkeepers/consultants/trades. - Demonstration using lawful public information. - Upsell from adjacent Hermes services.,DISCOVERED,0,,72,VALIDATE_NEXT,15,16,20,5,10,5,1,1,True,True
ME-0096,Referral Prospect Finder,HERMES_MEGA_MONEY_ENGINE_PART_1_OF_5.md,HERMES_MEGA_MONEY_ENGINE_PART_1_OF_5.md:L13476,partnerships,service businesses with an existing customer base,"The customer currently performs this work manually, inconsistently, too late, or not at all. The commercial opportunity is to replace repetitive analysis/admin/research with a structured Hermes workflow.",Identify customers and complementary businesses that are strong referral opportunities.,199,999,$199–$999/project or $199–$599/month,True,3,None,medium,4/5,- Direct outreach to businesses visibly showing the problem. - Existing CATALYX contacts where relevant. - Local business directories and LinkedIn. - Partnerships with agencies/bookkeepers/consultants/trades. - Demonstration using lawful public information. - Upsell from adjacent Hermes services.,DISCOVERED,0,,72,VALIDATE_NEXT,20,12,20,5,10,4,1,1,False,True
ME-0097,Partnership Finder Service,HERMES_MEGA_MONEY_ENGINE_PART_1_OF_5.md,HERMES_MEGA_MONEY_ENGINE_PART_1_OF_5.md:L13673,partnerships,local B2B and trade businesses,"The customer currently performs this work manually, inconsistently, too late, or not at all. The commercial opportunity is to replace repetitive analysis/admin/research with a structured Hermes workflow.",Find complementary businesses and prepare mutually beneficial referral/partnership proposals.,199,999,$199–$999/project or $199–$599/month,True,3,None,medium,4/5,- Direct outreach to businesses visibly showing the problem. - Existing CATALYX contacts where relevant. - Local business directories and LinkedIn. - Partnerships with agencies/bookkeepers/consultants/trades. - Demonstration using lawful public information. - Upsell from adjacent Hermes services.,DISCOVERED,0,,72,VALIDATE_NEXT,20,12,20,5,10,4,1,1,False,True
ME-0098,Local B2B Introduction Service,HERMES_MEGA_MONEY_ENGINE_PART_1_OF_5.md,HERMES_MEGA_MONEY_ENGINE_PART_1_OF_5.md:L13870,partnerships,complementary local businesses,"The customer currently performs this work manually, inconsistently, too late, or not at all. The commercial opportunity is to replace repetitive analysis/admin/research with a structured Hermes workflow.",Curate introductions between non-competing businesses and package partnership opportunities.,199,999,$199–$999/project or $199–$599/month,True,3,None,medium,4/5,- Direct outreach to businesses visibly showing the problem. - Existing CATALYX contacts where relevant. - Local business directories and LinkedIn. - Partnerships with agencies/bookkeepers/consultants/trades. - Demonstration using lawful public information. - Upsell from adjacent Hermes services.,DISCOVERED,0,,72,VALIDATE_NEXT,20,12,20,5,10,4,1,1,False,True
ME-0114,Warranty Claim Preparation Assistant,HERMES_MEGA_MONEY_ENGINE_PART_1_OF_5.md,HERMES_MEGA_MONEY_ENGINE_PART_1_OF_5.md:L17022,project_admin,businesses and consumers making legitimate warranty claims,"The customer currently performs this work manually, inconsistently, too late, or not at all. The commercial opportunity is to replace repetitive analysis/admin/research with a structured Hermes workflow.","Organize photos, dates, invoices and issue history into a claim-ready evidence pack.",49,1000,"$49–$299/report or $299–$1,000/month",True,7,None,low,5/5,- Direct outreach to businesses visibly showing the problem. - Existing CATALYX contacts where relevant. - Local business directories and LinkedIn. - Partnerships with agencies/bookkeepers/consultants/trades. - Demonstration using lawful public information. - Upsell from adjacent Hermes services.,DISCOVERED,0,,72,VALIDATE_NEXT,15,16,20,5,10,5,1,1,True,True
ME-0118,Voice Note → CRM Update,HERMES_MEGA_MONEY_ENGINE_PART_2_OF_5.md,HERMES_MEGA_MONEY_ENGINE_PART_2_OF_5.md:L592,voice_automation,salespeople and account managers,"The customer currently performs this work manually, inconsistently, too late, or not at all. The commercial opportunity is to replace repetitive analysis/admin/research with a structured Hermes workflow.",Convert post-meeting voice notes into structured CRM fields and next actions.,99,499,$99–$499/month or usage-based,True,7,None,low,5/5,- Direct outreach to businesses visibly showing the problem. - Existing CATALYX contacts where relevant. - Local business directories and LinkedIn. - Partnerships with agencies/bookkeepers/consultants/trades. - Demonstration using lawful public information. - Upsell from adjacent Hermes services.,DISCOVERED,0,,72,VALIDATE_NEXT,15,16,20,5,10,5,1,1,True,True
ME-0125,Enquiry Qualification Service,HERMES_MEGA_MONEY_ENGINE_PART_2_OF_5.md,HERMES_MEGA_MONEY_ENGINE_PART_2_OF_5.md:L1971,sales_followup,service businesses,"The customer currently performs this work manually, inconsistently, too late, or not at all. The commercial opportunity is to replace repetitive analysis/admin/research with a structured Hermes workflow.","Score enquiries, identify missing questions and recommend next action.",99,799,$199–$799 setup or $99–$499/month,True,7,None,low,5/5,- Direct outreach to businesses visibly showing the problem. - Existing CATALYX contacts where relevant. - Local business directories and LinkedIn. - Partnerships with agencies/bookkeepers/consultants/trades. - Demonstration using lawful public information. - Upsell from adjacent Hermes services.,DISCOVERED,0,,72,VALIDATE_NEXT,15,16,20,5,10,5,1,1,True,True
ME-0187,Partnership Campaign Builder,HERMES_MEGA_MONEY_ENGINE_PART_2_OF_5.md,HERMES_MEGA_MONEY_ENGINE_PART_2_OF_5.md:L14185,partnerships,two complementary businesses,"The customer currently performs this work manually, inconsistently, too late, or not at all. The commercial opportunity is to replace repetitive analysis/admin/research with a structured Hermes workflow.",Design shared referral/content/promotion campaigns.,199,999,$199–$999/project or $199–$599/month,True,3,None,medium,4/5,- Direct outreach to businesses visibly showing the problem. - Existing CATALYX contacts where relevant. - Local business directories and LinkedIn. - Partnerships with agencies/bookkeepers/consultants/trades. - Demonstration using lawful public information. - Upsell from adjacent Hermes services.,DISCOVERED,0,,72,VALIDATE_NEXT,20,12,20,5,10,4,1,1,False,True
ME-0209,Review-to-Content Factory,HERMES_MEGA_MONEY_ENGINE_PART_3_OF_5.md,HERMES_MEGA_MONEY_ENGINE_PART_3_OF_5.md:L1380,content_assets,businesses with real reviews,"The customer currently performs this work manually, inconsistently, too late, or not at all. The commercial opportunity is to replace repetitive analysis/admin/research with a structured Hermes workflow.",Turn recurring review themes into educational/marketing content without fabricating quotes.,99,999,$99–$999/project or subscription,True,7,None,low,5/5,- Direct outreach to businesses visibly showing the problem. - Existing CATALYX contacts where relevant. - Local business directories and LinkedIn. - Partnerships with agencies/bookkeepers/consultants/trades. - Demonstration using lawful public information. - Upsell from adjacent Hermes services.,DISCOVERED,0,,72,VALIDATE_NEXT,15,16,20,5,10,5,1,1,True,True
ME-0386,Local Landing Page Pack,HERMES_MEGA_MONEY_ENGINE_PART_4_OF_5.md,HERMES_MEGA_MONEY_ENGINE_PART_4_OF_5.md:L15794,seo_content,genuine multi-location service businesses,,Create unique location-service pages for real service areas.,499,499,"**NZ$499–2,000**",False,1,0,medium,,,DISCOVERED,0,,71,VALIDATE_NEXT,25,14,4,14,6,3,5,1,False,False
ME-0401,Competitor Response-Speed Mystery Audit,HERMES_MEGA_MONEY_ENGINE_PART_4_OF_5.md,HERMES_MEGA_MONEY_ENGINE_PART_4_OF_5.md:L18929,audit,businesses wanting response benchmarking,,Benchmark only with explicit permission and non-deceptive testing.,299,299,**NZ$299–799**,False,1,0,medium,,,DISCOVERED,0,,71,VALIDATE_NEXT,25,14,4,14,6,3,5,1,False,False
ME-0459,Warehouse/Workshop Lead Finder,HERMES_MEGA_MONEY_ENGINE_PART_5_OF_5.md,HERMES_MEGA_MONEY_ENGINE_PART_5_OF_5.md:L11705,trigger_leads,industrial service providers,,Build qualified list of warehouses/workshops by fit.,299,299,**NZ$299–699**,False,1,0,medium,,,DISCOVERED,0,,71,VALIDATE_NEXT,25,14,4,14,6,3,5,1,False,False
ME-0470,Poor Product Description Lead Finder,HERMES_MEGA_MONEY_ENGINE_PART_5_OF_5.md,HERMES_MEGA_MONEY_ENGINE_PART_5_OF_5.md:L14004,trigger_leads,ecommerce copy providers,,Find stores with weak product copy and rewrite 3–5 samples.,299,299,**NZ$299–999**,False,1,0,medium,,,DISCOVERED,0,,71,VALIDATE_NEXT,25,14,4,14,6,3,5,1,False,False
ME-0476,Accountant Client Opportunity Pack,HERMES_MEGA_MONEY_ENGINE_PART_5_OF_5.md,HERMES_MEGA_MONEY_ENGINE_PART_5_OF_5.md:L15258,white_label,accountants serving SMEs,,Create white-label opportunity audits/account insights.,299,299,**NZ$299–999**,False,1,0,medium,,,DISCOVERED,0,,71,VALIDATE_NEXT,25,14,4,14,6,3,5,1,False,False
ME-0037,Customer FAQ Mining,HERMES_MEGA_MONEY_ENGINE_PART_1_OF_5.md,HERMES_MEGA_MONEY_ENGINE_PART_1_OF_5.md:L3899,,"Businesses with emails, reviews, support tickets, DMs, or repeated questions.",,"Turn customer questions into a prioritised FAQ library, content calendar, response bank, and sales objection set.",None,None,,False,3,0,very_low,5/5,,DISCOVERED,0,,70,VALIDATE_NEXT,20,20,4,12,6,5,3,1,True,False
ME-0079,Data-Entry Replacement Service,HERMES_MEGA_MONEY_ENGINE_PART_1_OF_5.md,HERMES_MEGA_MONEY_ENGINE_PART_1_OF_5.md:L10424,,Businesses moving data from forms/emails into structured systems.,,Human-reviewed extraction and classification workflow that converts semi-structured inputs into tables/files.,None,None,,False,3,0,very_low,5/5,,DISCOVERED,0,,70,VALIDATE_NEXT,20,20,4,12,6,5,3,1,True,False
ME-0080,Receipt / Invoice Categorisation Preparation,HERMES_MEGA_MONEY_ENGINE_PART_1_OF_5.md,HERMES_MEGA_MONEY_ENGINE_PART_1_OF_5.md:L10569,,Small businesses and bookkeepers.,,Prepare receipts/invoices into structured files with vendor/date/amount/category suggestions for accountant review.,None,None,,False,3,0,very_low,5/5,,DISCOVERED,0,,70,VALIDATE_NEXT,20,20,4,12,6,5,3,1,True,False
ME-0222,High-Value Customer Finder,HERMES_MEGA_MONEY_ENGINE_PART_3_OF_5.md,HERMES_MEGA_MONEY_ENGINE_PART_3_OF_5.md:L3859,analytics,businesses with repeat customers,,"Identify highest-value customers based on revenue, repeat rate and referral potential.",299,2000,"$299–$2,000/project or recurring",False,3,0,very_low,5/5,,DISCOVERED,0,,70,VALIDATE_NEXT,18,20,8,14,0,5,5,1,False,False
ME-0223,Customer Concentration Risk Report,HERMES_MEGA_MONEY_ENGINE_PART_3_OF_5.md,HERMES_MEGA_MONEY_ENGINE_PART_3_OF_5.md:L4022,analytics,SMEs with a few large customers,,Identify concentration risk where too much revenue depends on a customer or segment.,299,2000,"$299–$2,000/project or recurring",False,3,0,very_low,5/5,,DISCOVERED,0,,70,VALIDATE_NEXT,18,20,8,14,0,5,5,1,False,False
ME-0228,Lead Source Quality Report,HERMES_MEGA_MONEY_ENGINE_PART_3_OF_5.md,HERMES_MEGA_MONEY_ENGINE_PART_3_OF_5.md:L4837,analytics,marketing and sales teams,,"Compare lead sources by quality, conversion and customer value.",299,2000,"$299–$2,000/project or recurring",False,3,0,very_low,5/5,,DISCOVERED,0,,70,VALIDATE_NEXT,18,20,8,14,0,5,5,1,False,False
ME-0229,Marketing Waste Finder,HERMES_MEGA_MONEY_ENGINE_PART_3_OF_5.md,HERMES_MEGA_MONEY_ENGINE_PART_3_OF_5.md:L5000,analytics,businesses spending across multiple channels,,Identify channels producing activity but weak qualified sales or revenue.,299,2000,"$299–$2,000/project or recurring",False,3,0,very_low,5/5,,DISCOVERED,0,,70,VALIDATE_NEXT,18,20,8,14,0,5,5,1,False,False
ME-0230,Campaign Post-Mortem Service,HERMES_MEGA_MONEY_ENGINE_PART_3_OF_5.md,HERMES_MEGA_MONEY_ENGINE_PART_3_OF_5.md:L5163,analytics,marketing teams and SMEs,,"Analyse completed campaigns and explain what worked, failed and should be repeated.",299,2000,"$299–$2,000/project or recurring",False,3,0,very_low,5/5,,DISCOVERED,0,,70,VALIDATE_NEXT,18,20,8,14,0,5,5,1,False,False
ME-0240,Crew Utilisation Report,HERMES_MEGA_MONEY_ENGINE_PART_3_OF_5.md,HERMES_MEGA_MONEY_ENGINE_PART_3_OF_5.md:L6793,analytics,businesses with crews/field staff,,Analyse supplied timesheets/jobs to show underused or overloaded capacity.,299,2000,"$299–$2,000/project or recurring",False,3,0,very_low,5/5,,DISCOVERED,0,,70,VALIDATE_NEXT,18,20,8,14,0,5,5,1,False,False
ME-0242,Seasonality Intelligence Report,HERMES_MEGA_MONEY_ENGINE_PART_3_OF_5.md,HERMES_MEGA_MONEY_ENGINE_PART_3_OF_5.md:L7119,analytics,seasonal businesses,,Identify demand patterns by month/season from historical data.,299,2000,"$299–$2,000/project or recurring",False,3,0,very_low,5/5,,DISCOVERED,0,,70,VALIDATE_NEXT,18,20,8,14,0,5,5,1,False,False
ME-0253,Asset Replacement Planning Report,HERMES_MEGA_MONEY_ENGINE_PART_3_OF_5.md,HERMES_MEGA_MONEY_ENGINE_PART_3_OF_5.md:L8912,analytics,asset-heavy SMEs,,"Rank equipment by age, maintenance frequency and supplied failure/cost data.",299,2000,"$299–$2,000/project or recurring",False,3,0,very_low,5/5,,DISCOVERED,0,,70,VALIDATE_NEXT,18,20,8,14,0,5,5,1,False,False
ME-0256,Equipment Downtime Analysis,HERMES_MEGA_MONEY_ENGINE_PART_3_OF_5.md,HERMES_MEGA_MONEY_ENGINE_PART_3_OF_5.md:L9401,analytics,equipment-dependent businesses,,Identify which equipment causes the most lost time and cost.,299,2000,"$299–$2,000/project or recurring",False,3,0,very_low,5/5,,DISCOVERED,0,,70,VALIDATE_NEXT,18,20,8,14,0,5,5,1,False,False
ME-0282,Subcontractor Performance Summary,HERMES_MEGA_MONEY_ENGINE_PART_3_OF_5.md,HERMES_MEGA_MONEY_ENGINE_PART_3_OF_5.md:L13639,analytics,businesses using subcontractors,,"Analyse client-supplied quality, punctuality, price and callback data.",299,2000,"$299–$2,000/project or recurring",False,3,0,very_low,5/5,,DISCOVERED,0,,70,VALIDATE_NEXT,18,20,8,14,0,5,5,1,False,False
ME-0290,Delay Cause Intelligence,HERMES_MEGA_MONEY_ENGINE_PART_3_OF_5.md,HERMES_MEGA_MONEY_ENGINE_PART_3_OF_5.md:L14943,analytics,project businesses,,Classify recurring project delays and identify controllable patterns.,299,2000,"$299–$2,000/project or recurring",False,3,0,very_low,5/5,,DISCOVERED,0,,70,VALIDATE_NEXT,18,20,8,14,0,5,5,1,False,False
ME-0292,Variation Frequency Analysis,HERMES_MEGA_MONEY_ENGINE_PART_3_OF_5.md,HERMES_MEGA_MONEY_ENGINE_PART_3_OF_5.md:L15269,analytics,project businesses,,Identify job types or customers generating excessive scope changes.,299,2000,"$299–$2,000/project or recurring",False,3,0,very_low,5/5,,DISCOVERED,0,,70,VALIDATE_NEXT,18,20,8,14,0,5,5,1,False,False
ME-0303,Referral Source Analysis,HERMES_MEGA_MONEY_ENGINE_PART_3_OF_5.md,HERMES_MEGA_MONEY_ENGINE_PART_3_OF_5.md:L17062,analytics,businesses with referral channels,,Identify which customers/partners generate best referrals.,299,2000,"$299–$2,000/project or recurring",False,3,0,very_low,5/5,,DISCOVERED,0,,70,VALIDATE_NEXT,18,20,8,14,0,5,5,1,False,False
ME-0317,Customer Buying Cycle Report,HERMES_MEGA_MONEY_ENGINE_PART_4_OF_5.md,HERMES_MEGA_MONEY_ENGINE_PART_4_OF_5.md:L327,analytics,repeat-purchase businesses,,Estimate typical customer buying intervals from supplied history.,299,2000,"$299–$2,000/project or recurring",False,3,0,very_low,5/5,,DISCOVERED,0,,70,VALIDATE_NEXT,18,20,8,14,0,5,5,1,False,False
ME-0319,Quote-to-Job Conversion Analytics,HERMES_MEGA_MONEY_ENGINE_PART_4_OF_5.md,HERMES_MEGA_MONEY_ENGINE_PART_4_OF_5.md:L653,analytics,quote-heavy businesses,,"Analyse which quoted job types, values and channels actually convert.",299,2000,"$299–$2,000/project or recurring",False,3,0,very_low,5/5,,DISCOVERED,0,,70,VALIDATE_NEXT,18,20,8,14,0,5,5,1,False,False
ME-0320,Sales Rep Performance Insights,HERMES_MEGA_MONEY_ENGINE_PART_4_OF_5.md,HERMES_MEGA_MONEY_ENGINE_PART_4_OF_5.md:L816,analytics,sales teams,,Analyse supplied sales data and identify coaching opportunities.,299,2000,"$299–$2,000/project or recurring",False,3,0,very_low,5/5,,DISCOVERED,0,,70,VALIDATE_NEXT,18,20,8,14,0,5,5,1,False,False
ME-0321,Response-Time Impact Analysis,HERMES_MEGA_MONEY_ENGINE_PART_4_OF_5.md,HERMES_MEGA_MONEY_ENGINE_PART_4_OF_5.md:L979,analytics,lead-driven businesses,,Analyse whether faster response correlates with better conversion.,299,2000,"$299–$2,000/project or recurring",False,3,0,very_low,5/5,,DISCOVERED,0,,70,VALIDATE_NEXT,18,20,8,14,0,5,5,1,False,False
ME-0003,MONEY ENGINE 03 — QUALIFIED LEAD GENERATION SERVICE,HERMES_MEGA_MONEY_ENGINE_PART_1_OF_5.md,HERMES_MEGA_MONEY_ENGINE_PART_1_OF_5.md:L1499,,,,Examples: - 50 qualified B2B leads. - Decision-maker research. - Business need notes. - Personalised first-contact draft. - Priority score.,None,None,,False,1,0,medium,,,DISCOVERED,0,,69,BACKLOG,25,14,4,12,6,3,5,1,False,False
ME-0008,MONEY ENGINE 09 — WEBSITE RESCUE PACKAGE,HERMES_MEGA_MONEY_ENGINE_PART_1_OF_5.md,HERMES_MEGA_MONEY_ENGINE_PART_1_OF_5.md:L1836,,,,- Homepage rewrite. - Services rewrite. - About section. - FAQ. - Calls-to-action. - Basic SEO titles/descriptions. - Contact/enquiry flow recommendations.,None,None,,False,1,0,medium,,,DISCOVERED,0,,69,BACKLOG,25,14,4,12,6,3,5,1,False,False
ME-0011,MONEY ENGINE 12 — REAL ESTATE LISTING CONTENT,HERMES_MEGA_MONEY_ENGINE_PART_1_OF_5.md,HERMES_MEGA_MONEY_ENGINE_PART_1_OF_5.md:L1974,,,,Agent provides factual property information. Hermes produces: - Listing description. - Headline options. - Social captions. - Short-form video script. - Open-home post. - Email campaign copy. - Buyer FAQ sheet.,None,None,,False,1,0,medium,,,DISCOVERED,0,,69,BACKLOG,25,14,4,12,6,3,5,1,False,False
ME-0012,MONEY ENGINE 13 — FACEBOOK MARKETPLACE LISTING SERVICE,HERMES_MEGA_MONEY_ENGINE_PART_1_OF_5.md,HERMES_MEGA_MONEY_ENGINE_PART_1_OF_5.md:L2008,,,,,None,None,,False,1,0,medium,,,DISCOVERED,0,,69,BACKLOG,25,14,4,12,6,3,5,1,False,False
ME-0022,MONEY ENGINE 23 — RECRUITMENT PACKS,HERMES_MEGA_MONEY_ENGINE_PART_1_OF_5.md,HERMES_MEGA_MONEY_ENGINE_PART_1_OF_5.md:L2323,,,,,None,None,,False,1,0,medium,,,DISCOVERED,0,,69,BACKLOG,25,14,4,12,6,3,5,1,False,False
ME-0023,MONEY ENGINE 24 — CV & JOB APPLICATION SERVICE,HERMES_MEGA_MONEY_ENGINE_PART_1_OF_5.md,HERMES_MEGA_MONEY_ENGINE_PART_1_OF_5.md:L2349,,,,,None,None,,False,1,0,medium,,,DISCOVERED,0,,69,BACKLOG,25,14,4,12,6,3,5,1,False,False
ME-0375,Homepage Rewrite Offer,HERMES_MEGA_MONEY_ENGINE_PART_4_OF_5.md,HERMES_MEGA_MONEY_ENGINE_PART_4_OF_5.md:L13495,website_copy,local businesses with weak homepages,,Rewrite the homepage before outreach and sell the full conversion-focused rewrite.,199,199,**NZ$199–499**,False,1,0,medium,,,DISCOVERED,0,,69,BACKLOG,25,14,4,12,6,3,5,1,False,False
ME-0376,Service Page Rewrite Offer,HERMES_MEGA_MONEY_ENGINE_PART_4_OF_5.md,HERMES_MEGA_MONEY_ENGINE_PART_4_OF_5.md:L13704,website_copy,service businesses with weak service pages,,Rewrite one weak service page and pitch a full service-page package.,149,149,"**NZ$149–399/page or 499–1,500 pack**",False,1,0,medium,,,DISCOVERED,0,,69,BACKLOG,25,14,4,12,6,3,5,1,False,False
ME-0377,3 Things Losing You Enquiries Audit,HERMES_MEGA_MONEY_ENGINE_PART_4_OF_5.md,HERMES_MEGA_MONEY_ENGINE_PART_4_OF_5.md:L13913,audit,tradies and local businesses,,Deliver a 3-point mini-audit with fixes and one sample improvement.,99,99,**NZ$99–199**,False,1,0,medium,,,DISCOVERED,0,,69,BACKLOG,25,14,4,12,6,3,5,1,False,False
ME-0378,Conversion CTA Audit,HERMES_MEGA_MONEY_ENGINE_PART_4_OF_5.md,HERMES_MEGA_MONEY_ENGINE_PART_4_OF_5.md:L14122,audit,local/service businesses,,Identify weak CTAs and create replacement blocks.,99,99,**NZ$99–299**,False,1,0,medium,,,DISCOVERED,0,,69,BACKLOG,25,14,4,12,6,3,5,1,False,False
ME-0379,Contact Form Audit,HERMES_MEGA_MONEY_ENGINE_PART_4_OF_5.md,HERMES_MEGA_MONEY_ENGINE_PART_4_OF_5.md:L14331,audit,businesses with enquiry forms,,Redesign the contact/quote form and qualification flow.,149,149,**NZ$149–399**,False,1,0,medium,,,DISCOVERED,0,,69,BACKLOG,25,14,4,12,6,3,5,1,False,False
ME-0381,Service Menu Simplification,HERMES_MEGA_MONEY_ENGINE_PART_4_OF_5.md,HERMES_MEGA_MONEY_ENGINE_PART_4_OF_5.md:L14749,strategy,businesses with confusing service lists,,Reduce offers into 3–5 clear customer-facing packages.,199,199,**NZ$199–599**,False,1,0,medium,,,DISCOVERED,0,,69,BACKLOG,25,14,4,12,6,3,5,1,False,False
ME-0382,About Page Rewrite,HERMES_MEGA_MONEY_ENGINE_PART_4_OF_5.md,HERMES_MEGA_MONEY_ENGINE_PART_4_OF_5.md:L14958,website_copy,local businesses with generic about pages,,"Rewrite About page around credibility, proof and differentiation.",149,149,**NZ$149–399**,False,1,0,medium,,,DISCOVERED,0,,69,BACKLOG,25,14,4,12,6,3,5,1,False,False
ME-0384,Trust Signal Audit,HERMES_MEGA_MONEY_ENGINE_PART_4_OF_5.md,HERMES_MEGA_MONEY_ENGINE_PART_4_OF_5.md:L15376,audit,local businesses,,Identify missing trust assets and build a priority fix list.,149,149,**NZ$149–499**,False,1,0,medium,,,DISCOVERED,0,,69,BACKLOG,25,14,4,12,6,3,5,1,False,False
ME-0385,Quote Request Page Rewrite,HERMES_MEGA_MONEY_ENGINE_PART_4_OF_5.md,HERMES_MEGA_MONEY_ENGINE_PART_4_OF_5.md:L15585,website_copy,quote-heavy businesses,,Rewrite the quote-request page for conversion and qualification.,149,149,**NZ$149–499**,False,1,0,medium,,,DISCOVERED,0,,69,BACKLOG,25,14,4,12,6,3,5,1,False,False
ME-0387,Website Copy Consistency Audit,HERMES_MEGA_MONEY_ENGINE_PART_4_OF_5.md,HERMES_MEGA_MONEY_ENGINE_PART_4_OF_5.md:L16003,audit,businesses with larger sites,,Audit website for contradictory or stale copy.,199,199,**NZ$199–599**,False,1,0,medium,,,DISCOVERED,0,,69,BACKLOG,25,14,4,12,6,3,5,1,False,False
ME-0388,Broken Offer Audit,HERMES_MEGA_MONEY_ENGINE_PART_4_OF_5.md,HERMES_MEGA_MONEY_ENGINE_PART_4_OF_5.md:L16212,audit,businesses advertising without clear CTA,,Map offer friction and rebuild the next-step flow.,149,149,**NZ$149–499**,False,1,0,medium,,,DISCOVERED,0,,69,BACKLOG,25,14,4,12,6,3,5,1,False,False
ME-0389,Google Review Reply Pack,HERMES_MEGA_MONEY_ENGINE_PART_4_OF_5.md,HERMES_MEGA_MONEY_ENGINE_PART_4_OF_5.md:L16421,reputation,businesses with unanswered reviews,,Create ready-to-use response pack and response rules.,99,99,**NZ$99–299**,False,1,0,medium,,,DISCOVERED,0,,69,BACKLOG,25,14,4,12,6,3,5,1,False,False
ME-0390,Negative Review Recovery Pack,HERMES_MEGA_MONEY_ENGINE_PART_4_OF_5.md,HERMES_MEGA_MONEY_ENGINE_PART_4_OF_5.md:L16630,reputation,businesses with visible negative reviews,,"Analyse issues, draft responses and identify operational fixes.",199,199,**NZ$199–599**,False,1,0,medium,,,DISCOVERED,0,,69,BACKLOG,25,14,4,12,6,3,5,1,False,False
ME-0418,SMS Follow-Up Pack,HERMES_MEGA_MONEY_ENGINE_PART_5_OF_5.md,HERMES_MEGA_MONEY_ENGINE_PART_5_OF_5.md:L3136,sales_copy,service businesses,,"Create quote, booking, review and reactivation templates.",99,99,**NZ$99–249**,False,1,0,medium,,,DISCOVERED,0,,69,BACKLOG,25,14,4,12,6,3,5,1,False,False
ME-0419,Customer Reminder Message Pack,HERMES_MEGA_MONEY_ENGINE_PART_5_OF_5.md,HERMES_MEGA_MONEY_ENGINE_PART_5_OF_5.md:L3345,sales_copy,appointment/service businesses,,"Create appointment, prep, aftercare and due-again messages.",99,99,**NZ$99–249**,False,1,0,medium,,,DISCOVERED,0,,69,BACKLOG,25,14,4,12,6,3,5,1,False,False
ME-0420,Cancellation Recovery Message Pack,HERMES_MEGA_MONEY_ENGINE_PART_5_OF_5.md,HERMES_MEGA_MONEY_ENGINE_PART_5_OF_5.md:L3554,sales_copy,booking/job businesses,,Create cancellation save/rebooking scripts.,99,99,**NZ$99–249**,False,1,0,medium,,,DISCOVERED,0,,69,BACKLOG,25,14,4,12,6,3,5,1,False,False
ME-0421,Quote Objection Response Pack,HERMES_MEGA_MONEY_ENGINE_PART_5_OF_5.md,HERMES_MEGA_MONEY_ENGINE_PART_5_OF_5.md:L3763,sales_copy,quote-heavy businesses,,"Create responses for price, delay, comparison and indecision objections.",149,149,**NZ$149–399**,False,1,0,medium,,,DISCOVERED,0,,69,BACKLOG,25,14,4,12,6,3,5,1,False,False
ME-0422,Price Shopper Response Pack,HERMES_MEGA_MONEY_ENGINE_PART_5_OF_5.md,HERMES_MEGA_MONEY_ENGINE_PART_5_OF_5.md:L3972,sales_copy,service businesses,,Create value-led responses for price shoppers.,99,99,**NZ$99–249**,False,1,0,medium,,,DISCOVERED,0,,69,BACKLOG,25,14,4,12,6,3,5,1,False,False
ME-0423,Lead Qualification Script Pack,HERMES_MEGA_MONEY_ENGINE_PART_5_OF_5.md,HERMES_MEGA_MONEY_ENGINE_PART_5_OF_5.md:L4181,sales_copy,service businesses,,"Create required questions, disqualifiers and routing.",149,149,**NZ$149–399**,False,1,0,medium,,,DISCOVERED,0,,69,BACKLOG,25,14,4,12,6,3,5,1,False,False
ME-0424,Phone Answering Script Pack,HERMES_MEGA_MONEY_ENGINE_PART_5_OF_5.md,HERMES_MEGA_MONEY_ENGINE_PART_5_OF_5.md:L4390,sales_copy,small businesses,,"Create opening, qualification, booking and escalation scripts.",149,149,**NZ$149–399**,False,1,0,medium,,,DISCOVERED,0,,69,BACKLOG,25,14,4,12,6,3,5,1,False,False
ME-0425,Missed Call SMS Pack,HERMES_MEGA_MONEY_ENGINE_PART_5_OF_5.md,HERMES_MEGA_MONEY_ENGINE_PART_5_OF_5.md:L4599,sales_copy,inbound service businesses,,Create templates by enquiry type and timing.,79,79,**NZ$79–199**,False,1,0,medium,,,DISCOVERED,0,,69,BACKLOG,25,14,4,12,6,3,5,1,False,False
ME-0426,After-Hours Auto-Reply Copy Pack,HERMES_MEGA_MONEY_ENGINE_PART_5_OF_5.md,HERMES_MEGA_MONEY_ENGINE_PART_5_OF_5.md:L4808,sales_copy,service businesses,,Create after-hours response and next-step wording.,79,79,**NZ$79–199**,False,1,0,medium,,,DISCOVERED,0,,69,BACKLOG,25,14,4,12,6,3,5,1,False,False
ME-0427,Booking Confirmation Pack,HERMES_MEGA_MONEY_ENGINE_PART_5_OF_5.md,HERMES_MEGA_MONEY_ENGINE_PART_5_OF_5.md:L5017,sales_copy,appointment businesses,,"Create confirmation, prep, reschedule and no-show templates.",99,99,**NZ$99–249**,False,1,0,medium,,,DISCOVERED,0,,69,BACKLOG,25,14,4,12,6,3,5,1,False,False
ME-0428,No-Show Reduction Pack,HERMES_MEGA_MONEY_ENGINE_PART_5_OF_5.md,HERMES_MEGA_MONEY_ENGINE_PART_5_OF_5.md:L5226,sales_copy,appointment businesses,,Create reminder sequence and expectation-setting messages.,149,149,**NZ$149–399**,False,1,0,medium,,,DISCOVERED,0,,69,BACKLOG,25,14,4,12,6,3,5,1,False,False
ME-0429,Review Request Pack,HERMES_MEGA_MONEY_ENGINE_PART_5_OF_5.md,HERMES_MEGA_MONEY_ENGINE_PART_5_OF_5.md:L5435,reputation,service businesses,,Create compliant SMS/email/QR wording and timing plan.,99,99,**NZ$99–249**,False,1,0,medium,,,DISCOVERED,0,,69,BACKLOG,25,14,4,12,6,3,5,1,False,False
ME-0430,Referral Request Pack,HERMES_MEGA_MONEY_ENGINE_PART_5_OF_5.md,HERMES_MEGA_MONEY_ENGINE_PART_5_OF_5.md:L5644,referral,service businesses,,Create post-job referral messages and timing.,99,99,**NZ$99–249**,False,1,0,medium,,,DISCOVERED,0,,69,BACKLOG,25,14,4,12,6,3,5,1,False,False
ME-0431,Past-Customer Check-In Pack,HERMES_MEGA_MONEY_ENGINE_PART_5_OF_5.md,HERMES_MEGA_MONEY_ENGINE_PART_5_OF_5.md:L5853,retention,repeat-service businesses,,Create seasonal/service-due check-in messages.,99,99,**NZ$99–249**,False,1,0,medium,,,DISCOVERED,0,,69,BACKLOG,25,14,4,12,6,3,5,1,False,False
ME-0432,Old Quote Revival Pack,HERMES_MEGA_MONEY_ENGINE_PART_5_OF_5.md,HERMES_MEGA_MONEY_ENGINE_PART_5_OF_5.md:L6062,retention,quote-heavy businesses,,Create age-based revival sequences.,149,149,**NZ$149–399**,False,1,0,medium,,,DISCOVERED,0,,69,BACKLOG,25,14,4,12,6,3,5,1,False,False
ME-0433,Old Customer Win-Back Pack,HERMES_MEGA_MONEY_ENGINE_PART_5_OF_5.md,HERMES_MEGA_MONEY_ENGINE_PART_5_OF_5.md:L6271,retention,repeat purchase/service businesses,,Create 30/90/180/365-day reactivation messages.,149,149,**NZ$149–399**,False,1,0,medium,,,DISCOVERED,0,,69,BACKLOG,25,14,4,12,6,3,5,1,False,False
ME-0434,Commercial Customer Reactivation Pack,HERMES_MEGA_MONEY_ENGINE_PART_5_OF_5.md,HERMES_MEGA_MONEY_ENGINE_PART_5_OF_5.md:L6480,retention,B2B service businesses,,Create formal reactivation sequences and account-review prompts.,199,199,**NZ$199–499**,False,1,0,medium,,,DISCOVERED,0,,69,BACKLOG,25,14,4,12,6,3,5,1,False,False
ME-0435,New Customer Welcome Pack,HERMES_MEGA_MONEY_ENGINE_PART_5_OF_5.md,HERMES_MEGA_MONEY_ENGINE_PART_5_OF_5.md:L6689,customer_ops,service businesses,,"Create welcome email, next steps, FAQs and expectations.",149,149,**NZ$149–399**,False,1,0,medium,,,DISCOVERED,0,,69,BACKLOG,25,14,4,12,6,3,5,1,False,False
ME-0436,Customer Handover Pack,HERMES_MEGA_MONEY_ENGINE_PART_5_OF_5.md,HERMES_MEGA_MONEY_ENGINE_PART_5_OF_5.md:L6898,customer_ops,project/service businesses,,"Create project completion summary, care info and next steps.",149,149,**NZ$149–499**,False,1,0,medium,,,DISCOVERED,0,,69,BACKLOG,25,14,4,12,6,3,5,1,False,False
ME-0437,Care Guide Creation Service,HERMES_MEGA_MONEY_ENGINE_PART_5_OF_5.md,HERMES_MEGA_MONEY_ENGINE_PART_5_OF_5.md:L7107,customer_ops,"flooring, landscaping, paint, cabinetry, machinery",,Create plain-language care guide from approved technical info.,149,149,**NZ$149–499**,False,1,0,medium,,,DISCOVERED,0,,69,BACKLOG,25,14,4,12,6,3,5,1,False,False
ME-0438,Maintenance Reminder System Setup,HERMES_MEGA_MONEY_ENGINE_PART_5_OF_5.md,HERMES_MEGA_MONEY_ENGINE_PART_5_OF_5.md:L7316,retention,recurring-service businesses,,"Set up reminder logic, templates and due-list process.",199,199,**NZ$199–599**,False,1,0,medium,,,DISCOVERED,0,,69,BACKLOG,25,14,4,12,6,3,5,1,False,False
ME-0441,High-Value Customer Reactivation List,HERMES_MEGA_MONEY_ENGINE_PART_5_OF_5.md,HERMES_MEGA_MONEY_ENGINE_PART_5_OF_5.md:L7943,retention,service/product businesses,,Rank customers by potential reactivation value.,199,199,**NZ$199–499**,False,1,0,medium,,,DISCOVERED,0,,69,BACKLOG,25,14,4,12,6,3,5,1,False,False
ME-0443,Upsell Opportunity List,HERMES_MEGA_MONEY_ENGINE_PART_5_OF_5.md,HERMES_MEGA_MONEY_ENGINE_PART_5_OF_5.md:L8361,retention,multi-service businesses,,Score next-best-service opportunities.,199,199,**NZ$199–499**,False,1,0,medium,,,DISCOVERED,0,,69,BACKLOG,25,14,4,12,6,3,5,1,False,False
ME-0444,Cross-Sell Campaign Pack,HERMES_MEGA_MONEY_ENGINE_PART_5_OF_5.md,HERMES_MEGA_MONEY_ENGINE_PART_5_OF_5.md:L8570,retention,multi-product/service businesses,,Create segment-specific cross-sell campaigns.,199,199,**NZ$199–599**,False,1,0,medium,,,DISCOVERED,0,,69,BACKLOG,25,14,4,12,6,3,5,1,False,False
ME-0461,Abandoned Social Lead Finder,HERMES_MEGA_MONEY_ENGINE_PART_5_OF_5.md,HERMES_MEGA_MONEY_ENGINE_PART_5_OF_5.md:L12123,trigger_leads,content providers,,Find stale social accounts and produce sample content.,199,199,**NZ$199–599**,False,1,0,medium,,,DISCOVERED,0,,69,BACKLOG,25,14,4,12,6,3,5,1,False,False
ME-0462,Outdated Website Lead Finder,HERMES_MEGA_MONEY_ENGINE_PART_5_OF_5.md,HERMES_MEGA_MONEY_ENGINE_PART_5_OF_5.md:L12332,trigger_leads,web/copy providers,,Find outdated sites and create mini-audit proof.,199,199,**NZ$199–599**,False,1,0,medium,,,DISCOVERED,0,,69,BACKLOG,25,14,4,12,6,3,5,1,False,False
ME-0466,Unanswered-Review Lead Finder,HERMES_MEGA_MONEY_ENGINE_PART_5_OF_5.md,HERMES_MEGA_MONEY_ENGINE_PART_5_OF_5.md:L13168,trigger_leads,reputation providers,,Find prospects and create sample reply pack.,149,149,**NZ$149–399**,False,1,0,medium,,,DISCOVERED,0,,69,BACKLOG,25,14,4,12,6,3,5,1,False,False
ME-0468,Duplicate Service Copy Lead Finder,HERMES_MEGA_MONEY_ENGINE_PART_5_OF_5.md,HERMES_MEGA_MONEY_ENGINE_PART_5_OF_5.md:L13586,trigger_leads,SEO/copy providers,,Find duplicated service pages and rewrite one example.,149,149,**NZ$149–399**,False,1,0,medium,,,DISCOVERED,0,,69,BACKLOG,25,14,4,12,6,3,5,1,False,False
ME-0485,Account-Based Mini Audit Service,HERMES_MEGA_MONEY_ENGINE_PART_5_OF_5.md,HERMES_MEGA_MONEY_ENGINE_PART_5_OF_5.md:L17139,sales_enablement,high-value B2B sales teams,,Create one custom mini-audit/page per target account.,50,50,**NZ$50–250/account**,False,1,0,medium,,,DISCOVERED,0,,69,BACKLOG,25,14,4,12,6,3,5,1,False,False
ME-0487,Video Audit Script Pack,HERMES_MEGA_MONEY_ENGINE_PART_5_OF_5.md,HERMES_MEGA_MONEY_ENGINE_PART_5_OF_5.md:L17557,sales_enablement,web/marketing freelancers,,Research prospect and produce structured audit script.,20,20,**NZ$20–75/prospect**,False,1,0,medium,,,DISCOVERED,0,,69,BACKLOG,25,14,4,12,6,3,5,1,False,False
ME-0488,Proposal Personalisation Pack,HERMES_MEGA_MONEY_ENGINE_PART_5_OF_5.md,HERMES_MEGA_MONEY_ENGINE_PART_5_OF_5.md:L17766,sales_enablement,B2B service providers,,Tailor proposal based on prospect industry/site/priorities.,49,49,**NZ$49–199/proposal**,False,1,0,medium,,,DISCOVERED,0,,69,BACKLOG,25,14,4,12,6,3,5,1,False,False
ME-0046,Procurement Comparison Reports,HERMES_MEGA_MONEY_ENGINE_PART_1_OF_5.md,HERMES_MEGA_MONEY_ENGINE_PART_1_OF_5.md:L5349,,Businesses evaluating multiple supplier quotes.,,"Normalise supplier quotes and highlight differences, omissions, risks and follow-up questions.",None,None,,False,3,0,very_low,5/5,,DISCOVERED,0,,68,BACKLOG,18,20,8,12,0,5,5,1,False,False
ME-0061,Cancellation / Rejection Analysis,HERMES_MEGA_MONEY_ENGINE_PART_1_OF_5.md,HERMES_MEGA_MONEY_ENGINE_PART_1_OF_5.md:L7669,,"Subscription, service, application or quote-driven businesses.",,"Analyse cancellation/rejection reasons into themes, risk signals and retention experiments.",None,None,,False,3,0,very_low,5/5,,DISCOVERED,0,,68,BACKLOG,18,20,8,12,0,5,5,1,False,False
ME-0062,Customer Survey Service,HERMES_MEGA_MONEY_ENGINE_PART_1_OF_5.md,HERMES_MEGA_MONEY_ENGINE_PART_1_OF_5.md:L7814,,SMEs needing structured feedback.,,"Design survey, analyse responses and deliver actionable report.",None,None,,False,3,0,very_low,5/5,,DISCOVERED,0,,68,BACKLOG,18,20,8,12,0,5,5,1,False,False
ME-0069,Meeting Preparation Briefs,HERMES_MEGA_MONEY_ENGINE_PART_1_OF_5.md,HERMES_MEGA_MONEY_ENGINE_PART_1_OF_5.md:L8829,,"Executives, salespeople, consultants.",,"One-page pre-meeting intelligence brief with company context, likely priorities, talking points and questions.",None,None,,False,3,0,very_low,5/5,,DISCOVERED,0,,68,BACKLOG,18,20,8,12,0,5,5,1,False,False
ME-0081,Construction / Site Photo Report Generation,HERMES_MEGA_MONEY_ENGINE_PART_1_OF_5.md,HERMES_MEGA_MONEY_ENGINE_PART_1_OF_5.md:L10714,,"Builders, trades, inspectors, project managers.",,Turn approved photos and notes into dated progress/defect/maintenance reports.,None,None,,False,3,0,very_low,5/5,,DISCOVERED,0,,68,BACKLOG,18,20,8,12,0,5,5,1,False,False
ME-0234,Price Increase Communication Service,HERMES_MEGA_MONEY_ENGINE_PART_3_OF_5.md,HERMES_MEGA_MONEY_ENGINE_PART_3_OF_5.md:L5815,content_ops,businesses raising prices,,"Prepare clear customer notices, FAQs, objection responses and internal scripts.",149,799,$149–$799/project or month,False,3,0,very_low,5/5,,DISCOVERED,0,,68,BACKLOG,18,20,8,12,0,5,5,1,False,False
ME-0243,Slow-Season Campaign Generator,HERMES_MEGA_MONEY_ENGINE_PART_3_OF_5.md,HERMES_MEGA_MONEY_ENGINE_PART_3_OF_5.md:L7282,content_ops,seasonal service businesses,,Create campaigns specifically designed to fill historically quiet periods.,149,799,$149–$799/project or month,False,3,0,very_low,5/5,,DISCOVERED,0,,68,BACKLOG,18,20,8,12,0,5,5,1,False,False
ME-0254,Service History Summary Generator,HERMES_MEGA_MONEY_ENGINE_PART_3_OF_5.md,HERMES_MEGA_MONEY_ENGINE_PART_3_OF_5.md:L9075,documentation,"property, fleet and service businesses",,Create concise service history for an asset/property/customer.,199,1500,"$199–$1,500/project",False,3,0,very_low,5/5,,DISCOVERED,0,,68,BACKLOG,18,20,8,12,0,5,5,1,False,False
ME-0265,Supplier Catalogue Change Detector,HERMES_MEGA_MONEY_ENGINE_PART_3_OF_5.md,HERMES_MEGA_MONEY_ENGINE_PART_3_OF_5.md:L10868,document_analysis,buyers and distributors,,"Compare old/new supplier catalogues and report additions, removals and changes.",99,999,$99–$999/project,False,3,0,very_low,5/5,,DISCOVERED,0,,68,BACKLOG,18,20,8,12,0,5,5,1,False,False
ME-0267,Contract Version Comparison Service,HERMES_MEGA_MONEY_ENGINE_PART_3_OF_5.md,HERMES_MEGA_MONEY_ENGINE_PART_3_OF_5.md:L11194,document_analysis,businesses handling contract revisions,,Identify textual differences between contract versions without giving legal conclusions.,99,999,$99–$999/project,False,3,0,very_low,5/5,,DISCOVERED,0,,68,BACKLOG,18,20,8,12,0,5,5,1,False,False
ME-0268,Policy Change Detector,HERMES_MEGA_MONEY_ENGINE_PART_3_OF_5.md,HERMES_MEGA_MONEY_ENGINE_PART_3_OF_5.md:L11357,document_analysis,organisations with evolving policies,,Compare policy versions and produce a change summary.,99,999,$99–$999/project,False,3,0,very_low,5/5,,DISCOVERED,0,,68,BACKLOG,18,20,8,12,0,5,5,1,False,False
ME-0289,Customer Delay Communication Builder,HERMES_MEGA_MONEY_ENGINE_PART_3_OF_5.md,HERMES_MEGA_MONEY_ENGINE_PART_3_OF_5.md:L14780,content_ops,project/service businesses,,Turn project delay facts into professional updates and next-step wording.,149,799,$149–$799/project or month,False,3,0,very_low,5/5,,DISCOVERED,0,,68,BACKLOG,18,20,8,12,0,5,5,1,False,False
ME-0291,Weather-Delay Documentation Prep,HERMES_MEGA_MONEY_ENGINE_PART_3_OF_5.md,HERMES_MEGA_MONEY_ENGINE_PART_3_OF_5.md:L15106,documentation,construction/project businesses,,Organise supplied weather and job records into a delay chronology.,199,1500,"$199–$1,500/project",False,3,0,very_low,5/5,,DISCOVERED,0,,68,BACKLOG,18,20,8,12,0,5,5,1,False,False
ME-0315,Content Deadline Calendar,HERMES_MEGA_MONEY_ENGINE_PART_4_OF_5.md,HERMES_MEGA_MONEY_ENGINE_PART_4_OF_5.md:L1,content_ops,marketing teams,,Map seasonal events and campaigns into planned content deadlines.,149,799,$149–$799/project or month,False,3,0,very_low,5/5,,DISCOVERED,0,,68,BACKLOG,18,20,8,12,0,5,5,1,False,False
ME-0045,Database Enrichment Service,HERMES_MEGA_MONEY_ENGINE_PART_1_OF_5.md,HERMES_MEGA_MONEY_ENGINE_PART_1_OF_5.md:L5059,,B2B firms with incomplete lead/customer lists.,,Research and enrich business records with lawful public information and lead scores.,None,None,,False,7,0,very_low,5/5,,DISCOVERED,0,,67,BACKLOG,17,20,4,12,6,5,3,1,True,False
ME-0135,Business Memory Service,HERMES_MEGA_MONEY_ENGINE_PART_2_OF_5.md,HERMES_MEGA_MONEY_ENGINE_PART_2_OF_5.md:L3941,knowledge,growing businesses with scattered knowledge,"The customer currently performs this work manually, inconsistently, too late, or not at all. The commercial opportunity is to replace repetitive analysis/admin/research with a structured Hermes workflow.",Convert historical documents/messages into searchable company knowledge.,500,5000,"$500–$5,000/project",False,3,None,low,5/5,- Direct outreach to businesses visibly showing the problem. - Existing CATALYX contacts where relevant. - Local business directories and LinkedIn. - Partnerships with agencies/bookkeepers/consultants/trades. - Demonstration using lawful public information. - Upsell from adjacent Hermes services.,DISCOVERED,0,,67,BACKLOG,20,16,8,7,10,5,1,1,False,True
ME-0136,Founder/Owner Brain Dump Organiser,HERMES_MEGA_MONEY_ENGINE_PART_2_OF_5.md,HERMES_MEGA_MONEY_ENGINE_PART_2_OF_5.md:L4138,knowledge,founders and owner-operators,"The customer currently performs this work manually, inconsistently, too late, or not at all. The commercial opportunity is to replace repetitive analysis/admin/research with a structured Hermes workflow.","Turn messy voice notes and ideas into projects, priorities and next actions.",500,5000,"$500–$5,000/project",False,3,None,low,5/5,- Direct outreach to businesses visibly showing the problem. - Existing CATALYX contacts where relevant. - Local business directories and LinkedIn. - Partnerships with agencies/bookkeepers/consultants/trades. - Demonstration using lawful public information. - Upsell from adjacent Hermes services.,DISCOVERED,0,,67,BACKLOG,20,16,8,7,10,5,1,1,False,True
ME-0139,Profit-Leak Finder,HERMES_MEGA_MONEY_ENGINE_PART_2_OF_5.md,HERMES_MEGA_MONEY_ENGINE_PART_2_OF_5.md:L4729,analytics,job-based businesses,"The customer currently performs this work manually, inconsistently, too late, or not at all. The commercial opportunity is to replace repetitive analysis/admin/research with a structured Hermes workflow.",Analyse job/order data for repeated sources of margin leakage.,299,2000,"$299–$2,000/project or recurring reporting",False,3,None,low,5/5,- Direct outreach to businesses visibly showing the problem. - Existing CATALYX contacts where relevant. - Local business directories and LinkedIn. - Partnerships with agencies/bookkeepers/consultants/trades. - Demonstration using lawful public information. - Upsell from adjacent Hermes services.,DISCOVERED,0,,67,BACKLOG,20,16,8,7,10,5,1,2,False,True
ME-0140,Unprofitable Customer Analysis,HERMES_MEGA_MONEY_ENGINE_PART_2_OF_5.md,HERMES_MEGA_MONEY_ENGINE_PART_2_OF_5.md:L4926,analytics,service and B2B businesses,"The customer currently performs this work manually, inconsistently, too late, or not at all. The commercial opportunity is to replace repetitive analysis/admin/research with a structured Hermes workflow.","Identify customer segments that consume excessive support, discounting or rework.",299,2000,"$299–$2,000/project or recurring reporting",False,3,None,low,5/5,- Direct outreach to businesses visibly showing the problem. - Existing CATALYX contacts where relevant. - Local business directories and LinkedIn. - Partnerships with agencies/bookkeepers/consultants/trades. - Demonstration using lawful public information. - Upsell from adjacent Hermes services.,DISCOVERED,0,,67,BACKLOG,20,16,8,7,10,5,1,1,False,True
ME-0141,Job Profitability Summary,HERMES_MEGA_MONEY_ENGINE_PART_2_OF_5.md,HERMES_MEGA_MONEY_ENGINE_PART_2_OF_5.md:L5123,analytics,trades and job-based businesses,"The customer currently performs this work manually, inconsistently, too late, or not at all. The commercial opportunity is to replace repetitive analysis/admin/research with a structured Hermes workflow.",Rank job types by margin and effort.,299,2000,"$299–$2,000/project or recurring reporting",False,3,None,low,5/5,- Direct outreach to businesses visibly showing the problem. - Existing CATALYX contacts where relevant. - Local business directories and LinkedIn. - Partnerships with agencies/bookkeepers/consultants/trades. - Demonstration using lawful public information. - Upsell from adjacent Hermes services.,DISCOVERED,0,,67,BACKLOG,20,16,8,7,10,5,1,1,False,True
ME-0142,Service Profitability Ranking,HERMES_MEGA_MONEY_ENGINE_PART_2_OF_5.md,HERMES_MEGA_MONEY_ENGINE_PART_2_OF_5.md:L5320,analytics,multi-service businesses,"The customer currently performs this work manually, inconsistently, too late, or not at all. The commercial opportunity is to replace repetitive analysis/admin/research with a structured Hermes workflow.","Compare services by revenue, gross margin, labour and callbacks.",299,2000,"$299–$2,000/project or recurring reporting",False,3,None,low,5/5,- Direct outreach to businesses visibly showing the problem. - Existing CATALYX contacts where relevant. - Local business directories and LinkedIn. - Partnerships with agencies/bookkeepers/consultants/trades. - Demonstration using lawful public information. - Upsell from adjacent Hermes services.,DISCOVERED,0,,67,BACKLOG,20,16,8,7,10,5,1,1,False,True
ME-0143,Quote Accuracy Analysis,HERMES_MEGA_MONEY_ENGINE_PART_2_OF_5.md,HERMES_MEGA_MONEY_ENGINE_PART_2_OF_5.md:L5517,analytics,quote-heavy businesses,"The customer currently performs this work manually, inconsistently, too late, or not at all. The commercial opportunity is to replace repetitive analysis/admin/research with a structured Hermes workflow.",Compare quoted vs actual cost and identify recurring under-quoting.,299,2000,"$299–$2,000/project or recurring reporting",False,3,None,low,5/5,- Direct outreach to businesses visibly showing the problem. - Existing CATALYX contacts where relevant. - Local business directories and LinkedIn. - Partnerships with agencies/bookkeepers/consultants/trades. - Demonstration using lawful public information. - Upsell from adjacent Hermes services.,DISCOVERED,0,,67,BACKLOG,20,16,8,7,10,5,1,1,False,True
ME-0144,Labour Overrun Analysis,HERMES_MEGA_MONEY_ENGINE_PART_2_OF_5.md,HERMES_MEGA_MONEY_ENGINE_PART_2_OF_5.md:L5714,analytics,project/service businesses,"The customer currently performs this work manually, inconsistently, too late, or not at all. The commercial opportunity is to replace repetitive analysis/admin/research with a structured Hermes workflow.",Identify job types that consistently exceed estimated labour.,299,2000,"$299–$2,000/project or recurring reporting",False,3,None,low,5/5,- Direct outreach to businesses visibly showing the problem. - Existing CATALYX contacts where relevant. - Local business directories and LinkedIn. - Partnerships with agencies/bookkeepers/consultants/trades. - Demonstration using lawful public information. - Upsell from adjacent Hermes services.,DISCOVERED,0,,67,BACKLOG,20,16,8,7,10,5,1,1,False,True
ME-0145,Material Waste Analysis,HERMES_MEGA_MONEY_ENGINE_PART_2_OF_5.md,HERMES_MEGA_MONEY_ENGINE_PART_2_OF_5.md:L5911,analytics,trades and manufacturing/service businesses,"The customer currently performs this work manually, inconsistently, too late, or not at all. The commercial opportunity is to replace repetitive analysis/admin/research with a structured Hermes workflow.",Analyse material use and over-ordering patterns.,299,2000,"$299–$2,000/project or recurring reporting",False,3,None,low,5/5,- Direct outreach to businesses visibly showing the problem. - Existing CATALYX contacts where relevant. - Local business directories and LinkedIn. - Partnerships with agencies/bookkeepers/consultants/trades. - Demonstration using lawful public information. - Upsell from adjacent Hermes services.,DISCOVERED,0,,67,BACKLOG,20,16,8,7,10,5,1,1,False,True
ME-0146,Callback / Rework Analysis,HERMES_MEGA_MONEY_ENGINE_PART_2_OF_5.md,HERMES_MEGA_MONEY_ENGINE_PART_2_OF_5.md:L6108,analytics,trades and service businesses,"The customer currently performs this work manually, inconsistently, too late, or not at all. The commercial opportunity is to replace repetitive analysis/admin/research with a structured Hermes workflow.",Cluster reasons for return visits and identify preventable patterns.,299,2000,"$299–$2,000/project or recurring reporting",False,3,None,low,5/5,- Direct outreach to businesses visibly showing the problem. - Existing CATALYX contacts where relevant. - Local business directories and LinkedIn. - Partnerships with agencies/bookkeepers/consultants/trades. - Demonstration using lawful public information. - Upsell from adjacent Hermes services.,DISCOVERED,0,,67,BACKLOG,20,16,8,7,10,5,1,1,False,True
ME-0148,Complaint Intelligence Service,HERMES_MEGA_MONEY_ENGINE_PART_2_OF_5.md,HERMES_MEGA_MONEY_ENGINE_PART_2_OF_5.md:L6502,analytics,customer-facing businesses,"The customer currently performs this work manually, inconsistently, too late, or not at all. The commercial opportunity is to replace repetitive analysis/admin/research with a structured Hermes workflow.","Turn complaints into themes, severity levels and root-cause hypotheses.",299,2000,"$299–$2,000/project or recurring reporting",False,3,None,low,5/5,- Direct outreach to businesses visibly showing the problem. - Existing CATALYX contacts where relevant. - Local business directories and LinkedIn. - Partnerships with agencies/bookkeepers/consultants/trades. - Demonstration using lawful public information. - Upsell from adjacent Hermes services.,DISCOVERED,0,,67,BACKLOG,20,16,8,7,10,5,1,1,False,True
ME-0150,Frequently Requested Feature Report,HERMES_MEGA_MONEY_ENGINE_PART_2_OF_5.md,HERMES_MEGA_MONEY_ENGINE_PART_2_OF_5.md:L6896,analytics,software and product businesses,"The customer currently performs this work manually, inconsistently, too late, or not at all. The commercial opportunity is to replace repetitive analysis/admin/research with a structured Hermes workflow.",Identify and rank common feature requests by frequency and commercial importance.,299,2000,"$299–$2,000/project or recurring reporting",False,3,None,low,5/5,- Direct outreach to businesses visibly showing the problem. - Existing CATALYX contacts where relevant. - Local business directories and LinkedIn. - Partnerships with agencies/bookkeepers/consultants/trades. - Demonstration using lawful public information. - Upsell from adjacent Hermes services.,DISCOVERED,0,,67,BACKLOG,20,16,8,7,10,5,1,1,False,True
ME-0151,Product Review Intelligence,HERMES_MEGA_MONEY_ENGINE_PART_2_OF_5.md,HERMES_MEGA_MONEY_ENGINE_PART_2_OF_5.md:L7093,analytics,ecommerce brands and product businesses,"The customer currently performs this work manually, inconsistently, too late, or not at all. The commercial opportunity is to replace repetitive analysis/admin/research with a structured Hermes workflow.","Analyse product reviews to understand strengths, weaknesses and SKU issues.",299,2000,"$299–$2,000/project or recurring reporting",False,3,None,low,5/5,- Direct outreach to businesses visibly showing the problem. - Existing CATALYX contacts where relevant. - Local business directories and LinkedIn. - Partnerships with agencies/bookkeepers/consultants/trades. - Demonstration using lawful public information. - Upsell from adjacent Hermes services.,DISCOVERED,0,,67,BACKLOG,20,16,8,7,10,5,1,1,False,True
ME-0152,Return Reason Analysis,HERMES_MEGA_MONEY_ENGINE_PART_2_OF_5.md,HERMES_MEGA_MONEY_ENGINE_PART_2_OF_5.md:L7290,analytics,ecommerce and product businesses,"The customer currently performs this work manually, inconsistently, too late, or not at all. The commercial opportunity is to replace repetitive analysis/admin/research with a structured Hermes workflow.",Identify patterns behind product returns.,299,2000,"$299–$2,000/project or recurring reporting",False,3,None,low,5/5,- Direct outreach to businesses visibly showing the problem. - Existing CATALYX contacts where relevant. - Local business directories and LinkedIn. - Partnerships with agencies/bookkeepers/consultants/trades. - Demonstration using lawful public information. - Upsell from adjacent Hermes services.,DISCOVERED,0,,67,BACKLOG,20,16,8,7,10,5,1,1,False,True
ME-0153,Refund Reason Analysis,HERMES_MEGA_MONEY_ENGINE_PART_2_OF_5.md,HERMES_MEGA_MONEY_ENGINE_PART_2_OF_5.md:L7487,analytics,"service, SaaS and ecommerce businesses","The customer currently performs this work manually, inconsistently, too late, or not at all. The commercial opportunity is to replace repetitive analysis/admin/research with a structured Hermes workflow.",Cluster refund reasons and recommend corrective experiments.,299,2000,"$299–$2,000/project or recurring reporting",False,3,None,low,5/5,- Direct outreach to businesses visibly showing the problem. - Existing CATALYX contacts where relevant. - Local business directories and LinkedIn. - Partnerships with agencies/bookkeepers/consultants/trades. - Demonstration using lawful public information. - Upsell from adjacent Hermes services.,DISCOVERED,0,,67,BACKLOG,20,16,8,7,10,5,1,1,False,True
ME-0154,Abandoned Cart Research,HERMES_MEGA_MONEY_ENGINE_PART_2_OF_5.md,HERMES_MEGA_MONEY_ENGINE_PART_2_OF_5.md:L7684,analytics,ecommerce businesses,"The customer currently performs this work manually, inconsistently, too late, or not at all. The commercial opportunity is to replace repetitive analysis/admin/research with a structured Hermes workflow.",Analyse supplied cart/customer data and prepare recovery segments/campaigns.,299,2000,"$299–$2,000/project or recurring reporting",False,3,None,low,5/5,- Direct outreach to businesses visibly showing the problem. - Existing CATALYX contacts where relevant. - Local business directories and LinkedIn. - Partnerships with agencies/bookkeepers/consultants/trades. - Demonstration using lawful public information. - Upsell from adjacent Hermes services.,DISCOVERED,0,,67,BACKLOG,20,16,8,7,10,5,1,1,False,True
ME-0176,Pre-Qualification Questionnaire Builder,HERMES_MEGA_MONEY_ENGINE_PART_2_OF_5.md,HERMES_MEGA_MONEY_ENGINE_PART_2_OF_5.md:L12018,forms,service businesses,"The customer currently performs this work manually, inconsistently, too late, or not at all. The commercial opportunity is to replace repetitive analysis/admin/research with a structured Hermes workflow.",Design intake questionnaires that screen poor-fit enquiries early.,299,1500,"$299–$1,500 setup + optional maintenance",False,3,None,low,5/5,- Direct outreach to businesses visibly showing the problem. - Existing CATALYX contacts where relevant. - Local business directories and LinkedIn. - Partnerships with agencies/bookkeepers/consultants/trades. - Demonstration using lawful public information. - Upsell from adjacent Hermes services.,DISCOVERED,0,,67,BACKLOG,20,16,8,7,10,5,1,1,False,True
ME-0177,Project Readiness Checker,HERMES_MEGA_MONEY_ENGINE_PART_2_OF_5.md,HERMES_MEGA_MONEY_ENGINE_PART_2_OF_5.md:L12215,forms,project/service businesses,"The customer currently performs this work manually, inconsistently, too late, or not at all. The commercial opportunity is to replace repetitive analysis/admin/research with a structured Hermes workflow.",Create readiness questionnaire and gap report before quoting.,299,1500,"$299–$1,500 setup + optional maintenance",False,3,None,low,5/5,- Direct outreach to businesses visibly showing the problem. - Existing CATALYX contacts where relevant. - Local business directories and LinkedIn. - Partnerships with agencies/bookkeepers/consultants/trades. - Demonstration using lawful public information. - Upsell from adjacent Hermes services.,DISCOVERED,0,,67,BACKLOG,20,16,8,7,10,5,1,1,False,True
ME-0178,Customer Intake Optimiser,HERMES_MEGA_MONEY_ENGINE_PART_2_OF_5.md,HERMES_MEGA_MONEY_ENGINE_PART_2_OF_5.md:L12412,forms,service businesses,"The customer currently performs this work manually, inconsistently, too late, or not at all. The commercial opportunity is to replace repetitive analysis/admin/research with a structured Hermes workflow.",Redesign intake forms to collect all information needed the first time.,299,1500,"$299–$1,500 setup + optional maintenance",False,3,None,low,5/5,- Direct outreach to businesses visibly showing the problem. - Existing CATALYX contacts where relevant. - Local business directories and LinkedIn. - Partnerships with agencies/bookkeepers/consultants/trades. - Demonstration using lawful public information. - Upsell from adjacent Hermes services.,DISCOVERED,0,,67,BACKLOG,20,16,8,7,10,5,1,1,False,True
ME-0179,Form-to-Report Automation,HERMES_MEGA_MONEY_ENGINE_PART_2_OF_5.md,HERMES_MEGA_MONEY_ENGINE_PART_2_OF_5.md:L12609,forms,"consultants, inspectors and service businesses","The customer currently performs this work manually, inconsistently, too late, or not at all. The commercial opportunity is to replace repetitive analysis/admin/research with a structured Hermes workflow.",Turn structured form responses into polished reports.,299,1500,"$299–$1,500 setup + optional maintenance",False,3,None,low,5/5,- Direct outreach to businesses visibly showing the problem. - Existing CATALYX contacts where relevant. - Local business directories and LinkedIn. - Partnerships with agencies/bookkeepers/consultants/trades. - Demonstration using lawful public information. - Upsell from adjacent Hermes services.,DISCOVERED,0,,67,BACKLOG,20,16,8,7,10,5,1,1,False,True
ME-0180,Form-to-Proposal Automation,HERMES_MEGA_MONEY_ENGINE_PART_2_OF_5.md,HERMES_MEGA_MONEY_ENGINE_PART_2_OF_5.md:L12806,forms,sales/service businesses,"The customer currently performs this work manually, inconsistently, too late, or not at all. The commercial opportunity is to replace repetitive analysis/admin/research with a structured Hermes workflow.",Turn lead intake data into a proposal draft.,299,1500,"$299–$1,500 setup + optional maintenance",False,3,None,low,5/5,- Direct outreach to businesses visibly showing the problem. - Existing CATALYX contacts where relevant. - Local business directories and LinkedIn. - Partnerships with agencies/bookkeepers/consultants/trades. - Demonstration using lawful public information. - Upsell from adjacent Hermes services.,DISCOVERED,0,,67,BACKLOG,20,16,8,7,10,5,1,1,False,True
ME-0181,Form-to-Content Automation,HERMES_MEGA_MONEY_ENGINE_PART_2_OF_5.md,HERMES_MEGA_MONEY_ENGINE_PART_2_OF_5.md:L13003,forms,project businesses,"The customer currently performs this work manually, inconsistently, too late, or not at all. The commercial opportunity is to replace repetitive analysis/admin/research with a structured Hermes workflow.","Turn completed job forms into case studies, posts and review-request drafts.",299,1500,"$299–$1,500 setup + optional maintenance",False,3,None,low,5/5,- Direct outreach to businesses visibly showing the problem. - Existing CATALYX contacts where relevant. - Local business directories and LinkedIn. - Partnerships with agencies/bookkeepers/consultants/trades. - Demonstration using lawful public information. - Upsell from adjacent Hermes services.,DISCOVERED,0,,67,BACKLOG,20,16,8,7,10,5,1,1,False,True
ME-0182,Form-to-Job-Pack Automation,HERMES_MEGA_MONEY_ENGINE_PART_2_OF_5.md,HERMES_MEGA_MONEY_ENGINE_PART_2_OF_5.md:L13200,forms,trades and project businesses,"The customer currently performs this work manually, inconsistently, too late, or not at all. The commercial opportunity is to replace repetitive analysis/admin/research with a structured Hermes workflow.",Turn enquiry/intake data into a structured internal job pack.,299,1500,"$299–$1,500 setup + optional maintenance",False,3,None,low,5/5,- Direct outreach to businesses visibly showing the problem. - Existing CATALYX contacts where relevant. - Local business directories and LinkedIn. - Partnerships with agencies/bookkeepers/consultants/trades. - Demonstration using lawful public information. - Upsell from adjacent Hermes services.,DISCOVERED,0,,67,BACKLOG,20,16,8,7,10,5,1,1,False,True
ME-0183,Form-to-Onboarding Automation,HERMES_MEGA_MONEY_ENGINE_PART_2_OF_5.md,HERMES_MEGA_MONEY_ENGINE_PART_2_OF_5.md:L13397,forms,"agencies, consultants and service businesses","The customer currently performs this work manually, inconsistently, too late, or not at all. The commercial opportunity is to replace repetitive analysis/admin/research with a structured Hermes workflow.","Turn new-client intake into welcome pack, tasks and next steps.",299,1500,"$299–$1,500 setup + optional maintenance",False,3,None,low,5/5,- Direct outreach to businesses visibly showing the problem. - Existing CATALYX contacts where relevant. - Local business directories and LinkedIn. - Partnerships with agencies/bookkeepers/consultants/trades. - Demonstration using lawful public information. - Upsell from adjacent Hermes services.,DISCOVERED,0,,67,BACKLOG,20,16,8,7,10,5,1,1,False,True
ME-0184,Form-to-Supplier-RFQ Automation,HERMES_MEGA_MONEY_ENGINE_PART_2_OF_5.md,HERMES_MEGA_MONEY_ENGINE_PART_2_OF_5.md:L13594,forms,procurement and product businesses,"The customer currently performs this work manually, inconsistently, too late, or not at all. The commercial opportunity is to replace repetitive analysis/admin/research with a structured Hermes workflow.",Turn requirement forms into supplier RFQs and comparison templates.,299,1500,"$299–$1,500 setup + optional maintenance",False,3,None,low,5/5,- Direct outreach to businesses visibly showing the problem. - Existing CATALYX contacts where relevant. - Local business directories and LinkedIn. - Partnerships with agencies/bookkeepers/consultants/trades. - Demonstration using lawful public information. - Upsell from adjacent Hermes services.,DISCOVERED,0,,67,BACKLOG,20,16,8,7,10,5,1,1,False,True
ME-0196,Local Partnership Database,HERMES_MEGA_MONEY_ENGINE_PART_2_OF_5.md,HERMES_MEGA_MONEY_ENGINE_PART_2_OF_5.md:L15958,partnerships,local service businesses,"The customer currently performs this work manually, inconsistently, too late, or not at all. The commercial opportunity is to replace repetitive analysis/admin/research with a structured Hermes workflow.",Create a curated database of complementary referral partners.,199,999,$199–$999/project or $199–$599/month,True,7,None,medium,4/5,- Direct outreach to businesses visibly showing the problem. - Existing CATALYX contacts where relevant. - Local business directories and LinkedIn. - Partnerships with agencies/bookkeepers/consultants/trades. - Demonstration using lawful public information. - Upsell from adjacent Hermes services.,DISCOVERED,0,,67,BACKLOG,15,12,20,5,10,4,1,1,True,True
ME-0336,Tradie Content Subscription,HERMES_MEGA_MONEY_ENGINE_PART_4_OF_5.md,HERMES_MEGA_MONEY_ENGINE_PART_4_OF_5.md:L3977,,"builders, painters, roofers, concreters, landscapers, mechanics, electricians, plumbers",,"Recurring monthly content system: posts, reels, Google content, FAQs and offer ideas.",299,299,**NZ$299–599/month**,True,3,None,medium,,,DISCOVERED,0,,67,BACKLOG,20,10,20,7,6,3,1,1,False,True
ME-0362,Agency White-Label Production,HERMES_MEGA_MONEY_ENGINE_PART_4_OF_5.md,HERMES_MEGA_MONEY_ENGINE_PART_4_OF_5.md:L10363,,small marketing/web/SEO agencies,,"Provide behind-the-scenes research, copy, audits and content production.",500,500,"**NZ$500–2,000/month**",True,3,None,medium,,,DISCOVERED,0,,67,BACKLOG,20,10,20,7,6,3,1,1,False,True
ME-0451,Architect / Designer Referral List,HERMES_MEGA_MONEY_ENGINE_PART_5_OF_5.md,HERMES_MEGA_MONEY_ENGINE_PART_5_OF_5.md:L10033,lead_gen,finishing trades/products,,Research relevant architects/designers and project fit.,299,299,**NZ$299–699**,True,3,None,medium,,,DISCOVERED,0,,67,BACKLOG,20,10,20,7,6,3,1,1,False,True
ME-0103,Specification Comparison Service,HERMES_MEGA_MONEY_ENGINE_PART_1_OF_5.md,HERMES_MEGA_MONEY_ENGINE_PART_1_OF_5.md:L14855,document_analysis,"buyers, sales teams and procurement teams","The customer currently performs this work manually, inconsistently, too late, or not at all. The commercial opportunity is to replace repetitive analysis/admin/research with a structured Hermes workflow.",Convert multiple technical datasheets into a normalized comparison matrix.,99,799,$99–$799/project,False,3,None,low,5/5,- Direct outreach to businesses visibly showing the problem. - Existing CATALYX contacts where relevant. - Local business directories and LinkedIn. - Partnerships with agencies/bookkeepers/consultants/trades. - Demonstration using lawful public information. - Upsell from adjacent Hermes services.,DISCOVERED,0,,65,BACKLOG,20,16,8,5,10,5,1,1,False,True
ME-0104,Warranty Comparison Reports,HERMES_MEGA_MONEY_ENGINE_PART_1_OF_5.md,HERMES_MEGA_MONEY_ENGINE_PART_1_OF_5.md:L15052,document_analysis,"buyers, installers and product businesses","The customer currently performs this work manually, inconsistently, too late, or not at all. The commercial opportunity is to replace repetitive analysis/admin/research with a structured Hermes workflow.","Compare warranty coverage, exclusions, conditions and evidence requirements.",99,799,$99–$799/project,False,3,None,low,5/5,- Direct outreach to businesses visibly showing the problem. - Existing CATALYX contacts where relevant. - Local business directories and LinkedIn. - Partnerships with agencies/bookkeepers/consultants/trades. - Demonstration using lawful public information. - Upsell from adjacent Hermes services.,DISCOVERED,0,,65,BACKLOG,20,16,8,5,10,5,1,1,False,True
ME-0105,Product Manual Simplification,HERMES_MEGA_MONEY_ENGINE_PART_1_OF_5.md,HERMES_MEGA_MONEY_ENGINE_PART_1_OF_5.md:L15249,documentation,"manufacturers, resellers and installers","The customer currently performs this work manually, inconsistently, too late, or not at all. The commercial opportunity is to replace repetitive analysis/admin/research with a structured Hermes workflow.","Turn long manuals into plain-language setup, use, maintenance and troubleshooting guides.",199,2000,"$199–$2,000/project",False,3,None,low,5/5,- Direct outreach to businesses visibly showing the problem. - Existing CATALYX contacts where relevant. - Local business directories and LinkedIn. - Partnerships with agencies/bookkeepers/consultants/trades. - Demonstration using lawful public information. - Upsell from adjacent Hermes services.,DISCOVERED,0,,65,BACKLOG,20,16,8,5,10,5,1,1,False,True
ME-0106,Technical Datasheet Summary Service,HERMES_MEGA_MONEY_ENGINE_PART_1_OF_5.md,HERMES_MEGA_MONEY_ENGINE_PART_1_OF_5.md:L15446,documentation,"sales teams, installers and customers","The customer currently performs this work manually, inconsistently, too late, or not at all. The commercial opportunity is to replace repetitive analysis/admin/research with a structured Hermes workflow.",Turn technical data sheets into short internal/customer summaries with source traceability.,199,2000,"$199–$2,000/project",False,3,None,low,5/5,- Direct outreach to businesses visibly showing the problem. - Existing CATALYX contacts where relevant. - Local business directories and LinkedIn. - Partnerships with agencies/bookkeepers/consultants/trades. - Demonstration using lawful public information. - Upsell from adjacent Hermes services.,DISCOVERED,0,,65,BACKLOG,20,16,8,5,10,5,1,1,False,True
ME-0107,Catalogue-to-Sales-Guide Conversion,HERMES_MEGA_MONEY_ENGINE_PART_1_OF_5.md,HERMES_MEGA_MONEY_ENGINE_PART_1_OF_5.md:L15643,documentation,"wholesalers, distributors and sales teams","The customer currently performs this work manually, inconsistently, too late, or not at all. The commercial opportunity is to replace repetitive analysis/admin/research with a structured Hermes workflow.",Convert large catalogues into 'what to recommend when' sales guides.,199,2000,"$199–$2,000/project",False,3,None,low,5/5,- Direct outreach to businesses visibly showing the problem. - Existing CATALYX contacts where relevant. - Local business directories and LinkedIn. - Partnerships with agencies/bookkeepers/consultants/trades. - Demonstration using lawful public information. - Upsell from adjacent Hermes services.,DISCOVERED,0,,65,BACKLOG,20,16,8,5,10,5,1,1,False,True
ME-0121,Project Timeline Summary Service,HERMES_MEGA_MONEY_ENGINE_PART_2_OF_5.md,HERMES_MEGA_MONEY_ENGINE_PART_2_OF_5.md:L1183,document_analysis,businesses with long project histories,"The customer currently performs this work manually, inconsistently, too late, or not at all. The commercial opportunity is to replace repetitive analysis/admin/research with a structured Hermes workflow.","Reconstruct clear chronology from emails, notes and records.",99,799,$99–$799/project,False,3,None,low,5/5,- Direct outreach to businesses visibly showing the problem. - Existing CATALYX contacts where relevant. - Local business directories and LinkedIn. - Partnerships with agencies/bookkeepers/consultants/trades. - Demonstration using lawful public information. - Upsell from adjacent Hermes services.,DISCOVERED,0,,65,BACKLOG,20,16,8,5,10,5,1,1,False,True
ME-0122,Client Communication Timeline,HERMES_MEGA_MONEY_ENGINE_PART_2_OF_5.md,HERMES_MEGA_MONEY_ENGINE_PART_2_OF_5.md:L1380,document_analysis,service and project businesses,"The customer currently performs this work manually, inconsistently, too late, or not at all. The commercial opportunity is to replace repetitive analysis/admin/research with a structured Hermes workflow.",Organize important customer communications into a searchable chronology.,99,799,$99–$799/project,False,3,None,low,5/5,- Direct outreach to businesses visibly showing the problem. - Existing CATALYX contacts where relevant. - Local business directories and LinkedIn. - Partnerships with agencies/bookkeepers/consultants/trades. - Demonstration using lawful public information. - Upsell from adjacent Hermes services.,DISCOVERED,0,,65,BACKLOG,20,16,8,5,10,5,1,1,False,True
ME-0173,Quote Comparison Tool Service,HERMES_MEGA_MONEY_ENGINE_PART_2_OF_5.md,HERMES_MEGA_MONEY_ENGINE_PART_2_OF_5.md:L11427,document_analysis,buyers and consumers/business clients,"The customer currently performs this work manually, inconsistently, too late, or not at all. The commercial opportunity is to replace repetitive analysis/admin/research with a structured Hermes workflow.",Normalize multiple supplier/service quotes into a clean comparison.,99,799,$99–$799/project,False,3,None,low,5/5,- Direct outreach to businesses visibly showing the problem. - Existing CATALYX contacts where relevant. - Local business directories and LinkedIn. - Partnerships with agencies/bookkeepers/consultants/trades. - Demonstration using lawful public information. - Upsell from adjacent Hermes services.,DISCOVERED,0,,65,BACKLOG,20,16,8,5,10,5,1,1,False,True
ME-0194,Directory Listing Optimisation,HERMES_MEGA_MONEY_ENGINE_PART_2_OF_5.md,HERMES_MEGA_MONEY_ENGINE_PART_2_OF_5.md:L15564,local_presence,local businesses,"The customer currently performs this work manually, inconsistently, too late, or not at all. The commercial opportunity is to replace repetitive analysis/admin/research with a structured Hermes workflow.",Standardize and improve business descriptions across directories.,149,699,$149–$699/project,False,3,None,low,5/5,- Direct outreach to businesses visibly showing the problem. - Existing CATALYX contacts where relevant. - Local business directories and LinkedIn. - Partnerships with agencies/bookkeepers/consultants/trades. - Demonstration using lawful public information. - Upsell from adjacent Hermes services.,DISCOVERED,0,,65,BACKLOG,20,16,8,5,10,5,1,1,False,True
ME-0195,Citation Consistency Audit,HERMES_MEGA_MONEY_ENGINE_PART_2_OF_5.md,HERMES_MEGA_MONEY_ENGINE_PART_2_OF_5.md:L15761,local_presence,local businesses,"The customer currently performs this work manually, inconsistently, too late, or not at all. The commercial opportunity is to replace repetitive analysis/admin/research with a structured Hermes workflow.",Find inconsistent public business name/address/contact details.,149,699,$149–$699/project,False,3,None,low,5/5,- Direct outreach to businesses visibly showing the problem. - Existing CATALYX contacts where relevant. - Local business directories and LinkedIn. - Partnerships with agencies/bookkeepers/consultants/trades. - Demonstration using lawful public information. - Upsell from adjacent Hermes services.,DISCOVERED,0,,65,BACKLOG,20,16,8,5,10,5,1,1,False,True
ME-0233,Price Increase Planning Pack,HERMES_MEGA_MONEY_ENGINE_PART_3_OF_5.md,HERMES_MEGA_MONEY_ENGINE_PART_3_OF_5.md:L5652,strategy,businesses considering price changes,,Identify where price increases may be commercially reasonable and prepare a structured implementation plan.,299,1500,"$299–$1,500/project",False,3,0,low,4/5,,DISCOVERED,0,,65,BACKLOG,18,16,8,14,0,4,5,1,False,False
ME-0244,Busy-Season Capacity Campaign,HERMES_MEGA_MONEY_ENGINE_PART_3_OF_5.md,HERMES_MEGA_MONEY_ENGINE_PART_3_OF_5.md:L7445,strategy,high-demand businesses,,Shift marketing toward higher-margin or strategically preferred work during capacity constraints.,299,1500,"$299–$1,500/project",False,3,0,low,4/5,,DISCOVERED,0,,65,BACKLOG,18,16,8,14,0,4,5,1,False,False
ME-0284,Supplier Negotiation Prep Pack,HERMES_MEGA_MONEY_ENGINE_PART_3_OF_5.md,HERMES_MEGA_MONEY_ENGINE_PART_3_OF_5.md:L13965,strategy,businesses preparing supplier negotiations,,"Prepare historical spend, comparison evidence, talking points and fallback options.",299,1500,"$299–$1,500/project",False,3,0,low,4/5,,DISCOVERED,0,,65,BACKLOG,18,16,8,14,0,4,5,1,False,False
ME-0332,Google Business Profile Rescue,HERMES_MEGA_MONEY_ENGINE_PART_4_OF_5.md,HERMES_MEGA_MONEY_ENGINE_PART_4_OF_5.md:L3153,,local businesses with weak/incomplete/stale Google profiles,,"Profile audit, improved service descriptions, 3 sample posts, review-response examples and priority fixes.",149,149,**NZ$149 setup + 149–299/month**,True,3,None,medium,,,DISCOVERED,0,,65,BACKLOG,20,10,20,5,6,3,1,1,False,True
ME-0339,Quote Writing Service,HERMES_MEGA_MONEY_ENGINE_PART_4_OF_5.md,HERMES_MEGA_MONEY_ENGINE_PART_4_OF_5.md:L4801,,sole traders and small contractors,,"Turn site notes into polished scope, inclusions, exclusions and customer-facing quote draft.",30,30,**NZ$30–100 each / 299+ monthly**,True,3,None,medium,,,DISCOVERED,0,,65,BACKLOG,20,10,20,5,6,3,1,1,False,True
ME-0372,Commercial Property Opportunity Monitor,HERMES_MEGA_MONEY_ENGINE_PART_4_OF_5.md,HERMES_MEGA_MONEY_ENGINE_PART_4_OF_5.md:L12629,,"trades, fit-out, flooring, maintenance",,Identify newly listed/leased/refurbished commercial properties that may trigger service demand.,None,None,**NZ$recurring: 299–999/month**,True,3,None,medium,,,DISCOVERED,0,,65,BACKLOG,20,10,20,5,6,3,1,1,False,True
ME-0373,Competitor Website Change Alerts,HERMES_MEGA_MONEY_ENGINE_PART_4_OF_5.md,HERMES_MEGA_MONEY_ENGINE_PART_4_OF_5.md:L12835,,businesses in competitive markets,,"Monitor selected competitors and report material service, pricing, location or messaging changes.",199,199,**NZ$199–599/month**,True,3,None,medium,,,DISCOVERED,0,,65,BACKLOG,20,10,20,5,6,3,1,1,False,True
ME-0039,Proposal Generator Service,HERMES_MEGA_MONEY_ENGINE_PART_1_OF_5.md,HERMES_MEGA_MONEY_ENGINE_PART_1_OF_5.md:L4189,,"Consultants, agencies, trades, B2B service firms.",,"Turn supplied scope and commercial inputs into professional proposals, option structures and follow-up material.",None,None,,False,3,0,very_low,5/5,,DISCOVERED,0,,64,BACKLOG,18,20,4,12,0,5,5,1,False,False
ME-0047,RFQ Creation Service,HERMES_MEGA_MONEY_ENGINE_PART_1_OF_5.md,HERMES_MEGA_MONEY_ENGINE_PART_1_OF_5.md:L5494,,Businesses needing professional supplier enquiries.,,"Convert business needs into a clear RFQ pack with specifications, response format and evaluation criteria.",None,None,,False,3,0,very_low,5/5,,DISCOVERED,0,,64,BACKLOG,18,20,4,12,0,5,5,1,False,False
ME-0050,Content Repurposing Factory,HERMES_MEGA_MONEY_ENGINE_PART_1_OF_5.md,HERMES_MEGA_MONEY_ENGINE_PART_1_OF_5.md:L5929,,"Creators, consultants, agencies, brands with long-form content.",,"Convert each long-form asset into posts, reels, email, article, FAQ, quote cards and hooks.",None,None,,False,3,0,very_low,5/5,,DISCOVERED,0,,64,BACKLOG,18,20,4,12,0,5,5,1,False,False
ME-0051,Podcast / Show Notes Production,HERMES_MEGA_MONEY_ENGINE_PART_1_OF_5.md,HERMES_MEGA_MONEY_ENGINE_PART_1_OF_5.md:L6074,,Podcasters and video creators.,,"Transcript-to-show-notes service with titles, chapters, summary, social posts and newsletter copy.",None,None,,False,3,0,very_low,5/5,,DISCOVERED,0,,64,BACKLOG,18,20,4,12,0,5,5,1,False,False
ME-0056,Trade-Specific Ad Packs,HERMES_MEGA_MONEY_ENGINE_PART_1_OF_5.md,HERMES_MEGA_MONEY_ENGINE_PART_1_OF_5.md:L6799,,Trades and local service firms running paid/organic promotions.,,"Pack of hooks, headlines, ad copy, offer structures and landing-page copy for one trade.",None,None,,False,3,0,very_low,5/5,,DISCOVERED,0,,64,BACKLOG,18,20,4,12,0,5,5,1,False,False
ME-0057,Seasonal Campaign Packs,HERMES_MEGA_MONEY_ENGINE_PART_1_OF_5.md,HERMES_MEGA_MONEY_ENGINE_PART_1_OF_5.md:L6944,,Retail/service businesses needing campaigns around events/seasons.,,"Ready-to-launch seasonal campaign with email, posts, offers, ad copy and schedule.",None,None,,False,3,0,very_low,5/5,,DISCOVERED,0,,64,BACKLOG,18,20,4,12,0,5,5,1,False,False
ME-0060,Upsell / Cross-Sell Analysis,HERMES_MEGA_MONEY_ENGINE_PART_1_OF_5.md,HERMES_MEGA_MONEY_ENGINE_PART_1_OF_5.md:L7379,,Businesses with multiple products/services and customer history.,,Analyse catalogue and customer segments to identify bundles and cross-sell campaigns.,None,None,,False,3,0,very_low,5/5,,DISCOVERED,0,,64,BACKLOG,18,20,4,12,0,5,5,1,False,False
ME-0066,Employee Onboarding Pack Builder,HERMES_MEGA_MONEY_ENGINE_PART_1_OF_5.md,HERMES_MEGA_MONEY_ENGINE_PART_1_OF_5.md:L8394,,SMEs hiring staff regularly.,,Create role-specific induction and first-week onboarding packs from approved company information.,None,None,,False,3,0,very_low,5/5,,DISCOVERED,0,,64,BACKLOG,18,20,4,12,0,5,5,1,False,False
ME-0068,Policy Simplification Service,HERMES_MEGA_MONEY_ENGINE_PART_1_OF_5.md,HERMES_MEGA_MONEY_ENGINE_PART_1_OF_5.md:L8684,,Organisations with dense internal policies.,,"Convert approved policies into plain-language summaries, checklists and quick-reference guides.",None,None,,False,3,0,very_low,5/5,,DISCOVERED,0,,64,BACKLOG,18,20,4,12,0,5,5,1,False,False
ME-0084,SaaS Support Documentation,HERMES_MEGA_MONEY_ENGINE_PART_1_OF_5.md,HERMES_MEGA_MONEY_ENGINE_PART_1_OF_5.md:L11149,,Software startups and SaaS companies.,,"Create support articles, FAQs, onboarding guides and troubleshooting docs from approved product info.",None,None,,False,3,0,very_low,5/5,,DISCOVERED,0,,64,BACKLOG,18,20,4,12,0,5,5,1,False,False
ME-0085,Release Notes to Customer Content,HERMES_MEGA_MONEY_ENGINE_PART_1_OF_5.md,HERMES_MEGA_MONEY_ENGINE_PART_1_OF_5.md:L11294,,Software/product companies.,,"Convert release notes into customer email, posts, FAQ updates, sales notes and training summary.",None,None,,False,3,0,very_low,5/5,,DISCOVERED,0,,64,BACKLOG,18,20,4,12,0,5,5,1,False,False
ME-0087,Client Onboarding Automation Pack,HERMES_MEGA_MONEY_ENGINE_PART_1_OF_5.md,HERMES_MEGA_MONEY_ENGINE_PART_1_OF_5.md:L11584,,"Agencies, consultants, trades, service firms.",,Build repeatable onboarding workflow and communications.,None,None,,False,3,0,very_low,5/5,,DISCOVERED,0,,64,BACKLOG,18,20,4,12,0,5,5,1,False,False
ME-0221,Customer Segment Naming Service,HERMES_MEGA_MONEY_ENGINE_PART_3_OF_5.md,HERMES_MEGA_MONEY_ENGINE_PART_3_OF_5.md:L3696,analytics,businesses with messy customer databases,,"Turn raw customer data into clear, useful customer segments with buying behaviour and offer recommendations.",299,2000,"$299–$2,000/project or recurring",False,7,0,very_low,5/5,,DISCOVERED,0,,63,BACKLOG,13,20,8,14,0,5,3,1,True,False
ME-0232,Discount Leakage Analysis,HERMES_MEGA_MONEY_ENGINE_PART_3_OF_5.md,HERMES_MEGA_MONEY_ENGINE_PART_3_OF_5.md:L5489,analytics,businesses with flexible pricing,,"Identify excessive or inconsistent discounting by customer, service, product or staff.",299,2000,"$299–$2,000/project or recurring",False,7,0,very_low,5/5,,DISCOVERED,0,,63,BACKLOG,13,20,8,14,0,5,3,1,True,False
ME-0236,Service Area Profitability Map,HERMES_MEGA_MONEY_ENGINE_PART_3_OF_5.md,HERMES_MEGA_MONEY_ENGINE_PART_3_OF_5.md:L6141,analytics,businesses serving multiple suburbs/regions,,Analyse supplied job data by location to identify most profitable service areas.,299,2000,"$299–$2,000/project or recurring",False,3,None,low,5/5,,DISCOVERED,0,,63,BACKLOG,20,16,8,7,6,5,1,1,False,True
ME-0251,Asset Register Cleanup,HERMES_MEGA_MONEY_ENGINE_PART_3_OF_5.md,HERMES_MEGA_MONEY_ENGINE_PART_3_OF_5.md:L8586,data_ops,"property, fleet and equipment businesses",,Clean asset registers and identify missing serial/date/location fields.,299,2000,"$299–$2,000/project",False,7,0,very_low,5/5,,DISCOVERED,0,,63,BACKLOG,13,20,8,14,0,5,3,1,True,False
ME-0257,Maintenance Cost Trend Report,HERMES_MEGA_MONEY_ENGINE_PART_3_OF_5.md,HERMES_MEGA_MONEY_ENGINE_PART_3_OF_5.md:L9564,analytics,asset-heavy businesses,,Analyse maintenance and repair spend trends over time.,299,2000,"$299–$2,000/project or recurring",False,7,0,very_low,5/5,,DISCOVERED,0,,63,BACKLOG,13,20,8,14,0,5,3,1,True,False
ME-0263,Product Range Rationalisation Report,HERMES_MEGA_MONEY_ENGINE_PART_3_OF_5.md,HERMES_MEGA_MONEY_ENGINE_PART_3_OF_5.md:L10542,analytics,retailers and wholesalers,,"Identify low-value SKUs that deserve review based on sales, margin and support burden.",299,2000,"$299–$2,000/project or recurring",False,3,None,low,5/5,,DISCOVERED,0,,63,BACKLOG,20,16,8,7,6,5,1,1,False,True
ME-0264,SKU Naming Standardisation Service,HERMES_MEGA_MONEY_ENGINE_PART_3_OF_5.md,HERMES_MEGA_MONEY_ENGINE_PART_3_OF_5.md:L10705,data_ops,catalogue-heavy businesses,,"Clean inconsistent SKU titles, codes and naming conventions.",299,2000,"$299–$2,000/project",False,7,0,very_low,5/5,,DISCOVERED,0,,63,BACKLOG,13,20,8,14,0,5,3,1,True,False
ME-0298,Payment Pattern Report,HERMES_MEGA_MONEY_ENGINE_PART_3_OF_5.md,HERMES_MEGA_MONEY_ENGINE_PART_3_OF_5.md:L16247,analytics,B2B and service businesses,,Identify customers who consistently pay late or early.,299,2000,"$299–$2,000/project or recurring",False,7,0,very_low,5/5,,DISCOVERED,0,,63,BACKLOG,13,20,8,14,0,5,3,1,True,False
ME-0322,First-Contact Quality Audit,HERMES_MEGA_MONEY_ENGINE_PART_4_OF_5.md,HERMES_MEGA_MONEY_ENGINE_PART_4_OF_5.md:L1142,audit,sales/customer service teams,,Evaluate first replies against a defined quality framework.,149,999,$149–$999/project,False,3,0,low,4/5,,DISCOVERED,0,,63,BACKLOG,18,16,8,12,0,4,5,1,False,False
ME-0323,Customer Message Tone Audit,HERMES_MEGA_MONEY_ENGINE_PART_4_OF_5.md,HERMES_MEGA_MONEY_ENGINE_PART_4_OF_5.md:L1305,audit,businesses with multiple staff responding to customers,,"Identify cold, confusing or inconsistent communication patterns.",149,999,$149–$999/project,False,3,0,low,4/5,,DISCOVERED,0,,63,BACKLOG,18,16,8,12,0,4,5,1,False,False
ME-0326,Offer Consistency Checker,HERMES_MEGA_MONEY_ENGINE_PART_4_OF_5.md,HERMES_MEGA_MONEY_ENGINE_PART_4_OF_5.md:L1794,audit,businesses with multiple channels,,"Check whether prices, inclusions and promises conflict across platforms.",149,999,$149–$999/project,False,3,0,low,4/5,,DISCOVERED,0,,63,BACKLOG,18,16,8,12,0,4,5,1,False,False
ME-0471,Out-of-Date Product Catalogue Lead Finder,HERMES_MEGA_MONEY_ENGINE_PART_5_OF_5.md,HERMES_MEGA_MONEY_ENGINE_PART_5_OF_5.md:L14213,trigger_leads,wholesalers/manufacturers,,Find prospects with stale catalogues and create cleanup sample.,299,299,"**NZ$299–1,000**",False,1,0,medium,,,DISCOVERED,0,,63,BACKLOG,22,9,4,14,6,3,5,1,False,False
ME-0472,No Downloadable Catalogue Lead Finder,HERMES_MEGA_MONEY_ENGINE_PART_5_OF_5.md,HERMES_MEGA_MONEY_ENGINE_PART_5_OF_5.md:L14422,trigger_leads,B2B product businesses,,Find prospects and create sample catalogue structure.,299,299,**NZ$299–999**,False,1,0,medium,,,DISCOVERED,0,,63,BACKLOG,22,9,4,14,6,3,5,1,False,False
ME-0108,Product Recommendation Matrix Builder,HERMES_MEGA_MONEY_ENGINE_PART_1_OF_5.md,HERMES_MEGA_MONEY_ENGINE_PART_1_OF_5.md:L15840,recommendation,product businesses,"The customer currently performs this work manually, inconsistently, too late, or not at all. The commercial opportunity is to replace repetitive analysis/admin/research with a structured Hermes workflow.",Map customer problems/use cases to appropriate products and alternatives.,299,1200,"$299–$1,200/project",False,3,None,medium,4/5,- Direct outreach to businesses visibly showing the problem. - Existing CATALYX contacts where relevant. - Local business directories and LinkedIn. - Partnerships with agencies/bookkeepers/consultants/trades. - Demonstration using lawful public information. - Upsell from adjacent Hermes services.,DISCOVERED,0,,62,BACKLOG,20,12,8,7,10,4,1,1,False,True
ME-0109,Service Recommendation Matrix Builder,HERMES_MEGA_MONEY_ENGINE_PART_1_OF_5.md,HERMES_MEGA_MONEY_ENGINE_PART_1_OF_5.md:L16037,recommendation,trades and service businesses,"The customer currently performs this work manually, inconsistently, too late, or not at all. The commercial opportunity is to replace repetitive analysis/admin/research with a structured Hermes workflow.","Map customer situations to appropriate services, upgrades and exclusions.",299,1200,"$299–$1,200/project",False,3,None,medium,4/5,- Direct outreach to businesses visibly showing the problem. - Existing CATALYX contacts where relevant. - Local business directories and LinkedIn. - Partnerships with agencies/bookkeepers/consultants/trades. - Demonstration using lawful public information. - Upsell from adjacent Hermes services.,DISCOVERED,0,,62,BACKLOG,20,12,8,7,10,4,1,1,False,True
ME-0138,Opportunity Kill List,HERMES_MEGA_MONEY_ENGINE_PART_2_OF_5.md,HERMES_MEGA_MONEY_ENGINE_PART_2_OF_5.md:L4532,strategy,busy businesses with too many initiatives,"The customer currently performs this work manually, inconsistently, too late, or not at all. The commercial opportunity is to replace repetitive analysis/admin/research with a structured Hermes workflow.",Identify low-value projects consuming time and recommend stop/pause decisions.,299,1500,"$299–$1,500/project",False,3,None,medium,4/5,- Direct outreach to businesses visibly showing the problem. - Existing CATALYX contacts where relevant. - Local business directories and LinkedIn. - Partnerships with agencies/bookkeepers/consultants/trades. - Demonstration using lawful public information. - Upsell from adjacent Hermes services.,DISCOVERED,0,,62,BACKLOG,20,12,8,7,10,4,1,1,False,True
ME-0147,Warranty Claim Trend Analysis,HERMES_MEGA_MONEY_ENGINE_PART_2_OF_5.md,HERMES_MEGA_MONEY_ENGINE_PART_2_OF_5.md:L6305,analytics,"installers, resellers and manufacturers","The customer currently performs this work manually, inconsistently, too late, or not at all. The commercial opportunity is to replace repetitive analysis/admin/research with a structured Hermes workflow.","Analyse claim history for recurring product, installation or usage issues.",299,2000,"$299–$2,000/project or recurring reporting",False,7,None,low,5/5,- Direct outreach to businesses visibly showing the problem. - Existing CATALYX contacts where relevant. - Local business directories and LinkedIn. - Partnerships with agencies/bookkeepers/consultants/trades. - Demonstration using lawful public information. - Upsell from adjacent Hermes services.,DISCOVERED,0,,62,BACKLOG,15,16,8,7,10,5,1,1,True,True
ME-0149,Support Ticket Intelligence,HERMES_MEGA_MONEY_ENGINE_PART_2_OF_5.md,HERMES_MEGA_MONEY_ENGINE_PART_2_OF_5.md:L6699,analytics,"SaaS, ecommerce and service businesses","The customer currently performs this work manually, inconsistently, too late, or not at all. The commercial opportunity is to replace repetitive analysis/admin/research with a structured Hermes workflow.",Analyse tickets for recurring product/service issues and documentation gaps.,299,2000,"$299–$2,000/project or recurring reporting",False,7,None,low,5/5,- Direct outreach to businesses visibly showing the problem. - Existing CATALYX contacts where relevant. - Local business directories and LinkedIn. - Partnerships with agencies/bookkeepers/consultants/trades. - Demonstration using lawful public information. - Upsell from adjacent Hermes services.,DISCOVERED,0,,62,BACKLOG,15,16,8,7,10,5,1,2,True,True
ME-0157,Offer Simplification Service,HERMES_MEGA_MONEY_ENGINE_PART_2_OF_5.md,HERMES_MEGA_MONEY_ENGINE_PART_2_OF_5.md:L8275,strategy,businesses with confusing service catalogues,"The customer currently performs this work manually, inconsistently, too late, or not at all. The commercial opportunity is to replace repetitive analysis/admin/research with a structured Hermes workflow.",Reduce complex service menus into a few clear customer-facing offers.,299,1500,"$299–$1,500/project",False,3,None,medium,4/5,- Direct outreach to businesses visibly showing the problem. - Existing CATALYX contacts where relevant. - Local business directories and LinkedIn. - Partnerships with agencies/bookkeepers/consultants/trades. - Demonstration using lawful public information. - Upsell from adjacent Hermes services.,DISCOVERED,0,,62,BACKLOG,20,12,8,7,10,4,1,1,False,True
ME-0158,Bundle Builder,HERMES_MEGA_MONEY_ENGINE_PART_2_OF_5.md,HERMES_MEGA_MONEY_ENGINE_PART_2_OF_5.md:L8472,strategy,multi-product/service businesses,"The customer currently performs this work manually, inconsistently, too late, or not at all. The commercial opportunity is to replace repetitive analysis/admin/research with a structured Hermes workflow.",Create logical bundles from existing products/services.,299,1500,"$299–$1,500/project",False,3,None,medium,4/5,- Direct outreach to businesses visibly showing the problem. - Existing CATALYX contacts where relevant. - Local business directories and LinkedIn. - Partnerships with agencies/bookkeepers/consultants/trades. - Demonstration using lawful public information. - Upsell from adjacent Hermes services.,DISCOVERED,0,,62,BACKLOG,20,12,8,7,10,4,1,1,False,True
ME-0159,Good / Better / Best Pricing Builder,HERMES_MEGA_MONEY_ENGINE_PART_2_OF_5.md,HERMES_MEGA_MONEY_ENGINE_PART_2_OF_5.md:L8669,strategy,service and product businesses,"The customer currently performs this work manually, inconsistently, too late, or not at all. The commercial opportunity is to replace repetitive analysis/admin/research with a structured Hermes workflow.",Create three-tier package architecture from supplied economics and value drivers.,299,1500,"$299–$1,500/project",False,3,None,medium,4/5,- Direct outreach to businesses visibly showing the problem. - Existing CATALYX contacts where relevant. - Local business directories and LinkedIn. - Partnerships with agencies/bookkeepers/consultants/trades. - Demonstration using lawful public information. - Upsell from adjacent Hermes services.,DISCOVERED,0,,62,BACKLOG,20,12,8,7,10,4,1,1,False,True
ME-0160,Add-On Generator,HERMES_MEGA_MONEY_ENGINE_PART_2_OF_5.md,HERMES_MEGA_MONEY_ENGINE_PART_2_OF_5.md:L8866,strategy,service businesses,"The customer currently performs this work manually, inconsistently, too late, or not at all. The commercial opportunity is to replace repetitive analysis/admin/research with a structured Hermes workflow.",Identify small logical high-margin add-ons tied to core services.,299,1500,"$299–$1,500/project",False,3,None,medium,4/5,- Direct outreach to businesses visibly showing the problem. - Existing CATALYX contacts where relevant. - Local business directories and LinkedIn. - Partnerships with agencies/bookkeepers/consultants/trades. - Demonstration using lawful public information. - Upsell from adjacent Hermes services.,DISCOVERED,0,,62,BACKLOG,20,12,8,7,10,4,1,1,False,True
ME-0161,Membership Model Designer,HERMES_MEGA_MONEY_ENGINE_PART_2_OF_5.md,HERMES_MEGA_MONEY_ENGINE_PART_2_OF_5.md:L9063,strategy,recurring-service candidates,"The customer currently performs this work manually, inconsistently, too late, or not at all. The commercial opportunity is to replace repetitive analysis/admin/research with a structured Hermes workflow.",Design maintenance/priority membership concepts around existing services.,299,1500,"$299–$1,500/project",False,3,None,medium,4/5,- Direct outreach to businesses visibly showing the problem. - Existing CATALYX contacts where relevant. - Local business directories and LinkedIn. - Partnerships with agencies/bookkeepers/consultants/trades. - Demonstration using lawful public information. - Upsell from adjacent Hermes services.,DISCOVERED,0,,62,BACKLOG,20,12,8,7,10,4,1,1,False,True
ME-0164,Recurring Revenue Conversion Plan,HERMES_MEGA_MONEY_ENGINE_PART_2_OF_5.md,HERMES_MEGA_MONEY_ENGINE_PART_2_OF_5.md:L9654,strategy,small businesses,"The customer currently performs this work manually, inconsistently, too late, or not at all. The commercial opportunity is to replace repetitive analysis/admin/research with a structured Hermes workflow.",Build a plan to move more one-off revenue into recurring revenue.,299,1500,"$299–$1,500/project",False,3,None,medium,4/5,- Direct outreach to businesses visibly showing the problem. - Existing CATALYX contacts where relevant. - Local business directories and LinkedIn. - Partnerships with agencies/bookkeepers/consultants/trades. - Demonstration using lawful public information. - Upsell from adjacent Hermes services.,DISCOVERED,0,,62,BACKLOG,20,12,8,7,10,4,1,1,False,True
ME-0165,Customer Lifetime Value Improvement Plan,HERMES_MEGA_MONEY_ENGINE_PART_2_OF_5.md,HERMES_MEGA_MONEY_ENGINE_PART_2_OF_5.md:L9851,strategy,businesses with repeat/upsell potential,"The customer currently performs this work manually, inconsistently, too late, or not at all. The commercial opportunity is to replace repetitive analysis/admin/research with a structured Hermes workflow.","Identify repeat purchase, upsell, cross-sell and referral levers.",299,1500,"$299–$1,500/project",False,3,None,medium,4/5,- Direct outreach to businesses visibly showing the problem. - Existing CATALYX contacts where relevant. - Local business directories and LinkedIn. - Partnerships with agencies/bookkeepers/consultants/trades. - Demonstration using lawful public information. - Upsell from adjacent Hermes services.,DISCOVERED,0,,62,BACKLOG,20,12,8,7,10,4,1,1,False,True
ME-0171,ROI Calculator Builder,HERMES_MEGA_MONEY_ENGINE_PART_2_OF_5.md,HERMES_MEGA_MONEY_ENGINE_PART_2_OF_5.md:L11033,calculator,B2B/service businesses,"The customer currently performs this work manually, inconsistently, too late, or not at all. The commercial opportunity is to replace repetitive analysis/admin/research with a structured Hermes workflow.",Create customer-facing ROI calculation logic from approved assumptions.,299,1500,"$299–$1,500 setup",False,3,None,medium,4/5,- Direct outreach to businesses visibly showing the problem. - Existing CATALYX contacts where relevant. - Local business directories and LinkedIn. - Partnerships with agencies/bookkeepers/consultants/trades. - Demonstration using lawful public information. - Upsell from adjacent Hermes services.,DISCOVERED,0,,62,BACKLOG,20,12,8,7,10,4,1,1,False,True
ME-0172,Savings Calculator Builder,HERMES_MEGA_MONEY_ENGINE_PART_2_OF_5.md,HERMES_MEGA_MONEY_ENGINE_PART_2_OF_5.md:L11230,calculator,"maintenance, efficiency and upgrade businesses","The customer currently performs this work manually, inconsistently, too late, or not at all. The commercial opportunity is to replace repetitive analysis/admin/research with a structured Hermes workflow.",Create customer-facing estimated savings calculator from approved formulas.,299,1500,"$299–$1,500 setup",False,3,None,medium,4/5,- Direct outreach to businesses visibly showing the problem. - Existing CATALYX contacts where relevant. - Local business directories and LinkedIn. - Partnerships with agencies/bookkeepers/consultants/trades. - Demonstration using lawful public information. - Upsell from adjacent Hermes services.,DISCOVERED,0,,62,BACKLOG,20,12,8,7,10,4,1,1,False,True
ME-0259,Stock Reorder Suggestion Report,HERMES_MEGA_MONEY_ENGINE_PART_3_OF_5.md,HERMES_MEGA_MONEY_ENGINE_PART_3_OF_5.md:L9890,inventory,retail/warehouse businesses,,Suggest reorder priorities from supplied sales and inventory data using approved thresholds.,299,1500,"$299–$1,500/month or project",True,7,None,low,5/5,,DISCOVERED,0,,62,BACKLOG,13,16,20,7,0,5,1,1,False,True
ME-0260,Dead Stock Finder,HERMES_MEGA_MONEY_ENGINE_PART_3_OF_5.md,HERMES_MEGA_MONEY_ENGINE_PART_3_OF_5.md:L10053,inventory,retailers and wholesalers,,Identify products sitting unsold or underused for long periods.,299,1500,"$299–$1,500/month or project",True,7,None,low,5/5,,DISCOVERED,0,,62,BACKLOG,13,16,20,7,0,5,1,1,False,True
ME-0287,Daily Procurement Brief,HERMES_MEGA_MONEY_ENGINE_PART_3_OF_5.md,HERMES_MEGA_MONEY_ENGINE_PART_3_OF_5.md:L14454,business_intelligence,procurement-heavy SMEs,,"Summarise what needs ordering, what is late and what requires approval.",299,1500,"$299–$1,500/month",True,7,None,low,5/5,,DISCOVERED,0,,62,BACKLOG,13,16,20,7,0,5,1,1,False,True
ME-0020,MONEY ENGINE 21 — CUSTOMER SERVICE KNOWLEDGE BASES,HERMES_MEGA_MONEY_ENGINE_PART_1_OF_5.md,HERMES_MEGA_MONEY_ENGINE_PART_1_OF_5.md:L2260,,- Service companies. - E-commerce. - Trades with office staff. - Growing small businesses. ---,,Convert scattered information into a searchable company handbook.,None,None,,False,1,0,medium,,,DISCOVERED,0,,61,BACKLOG,22,9,4,12,6,3,5,1,False,False
ME-0025,MONEY ENGINE 26 — DOMAIN / BUSINESS OPPORTUNITY RESEARCH,HERMES_MEGA_MONEY_ENGINE_PART_1_OF_5.md,HERMES_MEGA_MONEY_ENGINE_PART_1_OF_5.md:L2412,,,,Research neglected digital or local opportunities.,None,None,,False,1,0,medium,,,DISCOVERED,0,,61,BACKLOG,22,9,4,12,6,3,5,1,False,False
ME-0038,Sales Script Builder,HERMES_MEGA_MONEY_ENGINE_PART_1_OF_5.md,HERMES_MEGA_MONEY_ENGINE_PART_1_OF_5.md:L4044,,"Trades, service businesses, appointment setters, and owner-led sales teams.",,"Custom call, SMS, email, objection-handling, follow-up and closing scripts based on actual services.",None,None,,False,7,0,very_low,5/5,,DISCOVERED,0,,61,BACKLOG,15,20,4,12,0,5,5,1,False,False
ME-0044,CRM Cleanup Service,HERMES_MEGA_MONEY_ENGINE_PART_1_OF_5.md,HERMES_MEGA_MONEY_ENGINE_PART_1_OF_5.md:L4914,,Businesses with messy CRM/contact exports.,,"Clean, classify, deduplicate, tag and prioritise CRM records with a structured re-import plan.",None,None,,False,7,0,very_low,5/5,,DISCOVERED,0,,61,BACKLOG,13,20,8,12,0,5,3,1,True,False
ME-0054,White-Label Industry Newsletter,HERMES_MEGA_MONEY_ENGINE_PART_1_OF_5.md,HERMES_MEGA_MONEY_ENGINE_PART_1_OF_5.md:L6509,,"Agencies, associations, multi-client service providers.",,Create one underlying industry newsletter and customise intros/offers/branding for multiple clients.,None,None,,False,7,0,very_low,5/5,,DISCOVERED,0,,61,BACKLOG,15,20,4,12,0,5,5,1,False,False
ME-0059,Referral Programme Builder,HERMES_MEGA_MONEY_ENGINE_PART_1_OF_5.md,HERMES_MEGA_MONEY_ENGINE_PART_1_OF_5.md:L7234,,Service businesses with happy customers but few referrals.,,"Design referral offer, messaging, staff process, tracking and follow-up system.",None,None,,False,7,0,very_low,5/5,,DISCOVERED,0,,61,BACKLOG,15,20,4,12,0,5,5,1,False,False
ME-0067,Internal Training Material Service,HERMES_MEGA_MONEY_ENGINE_PART_1_OF_5.md,HERMES_MEGA_MONEY_ENGINE_PART_1_OF_5.md:L8539,,"Businesses with manuals, videos or subject-matter knowledge.",,"Convert approved material into modules, notes, quizzes, flashcards and assessments.",None,None,,False,7,0,very_low,5/5,,DISCOVERED,0,,61,BACKLOG,15,20,4,12,0,5,5,1,False,False
ME-0077,Inventory Catalogue Cleanup,HERMES_MEGA_MONEY_ENGINE_PART_1_OF_5.md,HERMES_MEGA_MONEY_ENGINE_PART_1_OF_5.md:L10134,,"Retailers, wholesalers, manufacturers.",,Clean and standardise product spreadsheets for ecommerce/ERP import.,None,None,,False,7,0,very_low,5/5,,DISCOVERED,0,,61,BACKLOG,13,20,8,12,0,5,3,1,True,False
ME-0088,Cancellation Prevention / Retention Campaigns,HERMES_MEGA_MONEY_ENGINE_PART_1_OF_5.md,HERMES_MEGA_MONEY_ENGINE_PART_1_OF_5.md:L11729,,Subscription and recurring-service businesses.,,Segment at-risk customers using client-approved criteria and create retention/win-back campaigns.,None,None,,False,7,0,very_low,5/5,,DISCOVERED,0,,61,BACKLOG,15,20,4,12,0,5,5,1,False,False
ME-0341,Sales Account Research,HERMES_MEGA_MONEY_ENGINE_PART_4_OF_5.md,HERMES_MEGA_MONEY_ENGINE_PART_4_OF_5.md:L5625,,B2B sales teams,,"One-page research brief before each sales call with likely needs, triggers and talking points.",20,20,**NZ$20–75/account**,False,3,None,low,5/5,,DISCOVERED,0,,61,BACKLOG,20,16,8,5,6,5,1,2,False,True
ME-0463,No-FAQ Lead Finder,HERMES_MEGA_MONEY_ENGINE_PART_5_OF_5.md,HERMES_MEGA_MONEY_ENGINE_PART_5_OF_5.md:L12541,trigger_leads,FAQ/content providers,,Find prospects and create sample FAQ set.,149,149,**NZ$149–399**,False,1,0,medium,,,DISCOVERED,0,,61,BACKLOG,22,9,4,12,6,3,5,1,False,False
ME-0464,No-Case-Study Lead Finder,HERMES_MEGA_MONEY_ENGINE_PART_5_OF_5.md,HERMES_MEGA_MONEY_ENGINE_PART_5_OF_5.md:L12750,trigger_leads,B2B/project businesses,,Find prospects and build sample case-study outline.,149,149,**NZ$149–399**,False,1,0,medium,,,DISCOVERED,0,,61,BACKLOG,22,9,4,12,6,3,5,1,False,False
ME-0465,No-Google-Posts Lead Finder,HERMES_MEGA_MONEY_ENGINE_PART_5_OF_5.md,HERMES_MEGA_MONEY_ENGINE_PART_5_OF_5.md:L12959,trigger_leads,GBP/content providers,,Find prospects and create sample Google posts.,149,149,**NZ$149–399**,False,1,0,medium,,,DISCOVERED,0,,61,BACKLOG,22,9,4,12,6,3,5,1,False,False
ME-0467,Weak-Meta-Description Lead Finder,HERMES_MEGA_MONEY_ENGINE_PART_5_OF_5.md,HERMES_MEGA_MONEY_ENGINE_PART_5_OF_5.md:L13377,trigger_leads,SEO providers,,Find prospects and produce sample metadata fixes.,99,99,**NZ$99–299**,False,1,0,medium,,,DISCOVERED,0,,61,BACKLOG,22,9,4,12,6,3,5,1,False,False
ME-0469,No-Location-Page Lead Finder,HERMES_MEGA_MONEY_ENGINE_PART_5_OF_5.md,HERMES_MEGA_MONEY_ENGINE_PART_5_OF_5.md:L13795,trigger_leads,local SEO providers,,Find prospects and create one sample local-page outline.,199,199,**NZ$199–599**,False,1,0,medium,,,DISCOVERED,0,,61,BACKLOG,22,9,4,12,6,3,5,1,False,False
ME-0473,No Customer Guide Lead Finder,HERMES_MEGA_MONEY_ENGINE_PART_5_OF_5.md,HERMES_MEGA_MONEY_ENGINE_PART_5_OF_5.md:L14631,trigger_leads,service/product businesses,,Find prospects and create guide outline/sample.,199,199,**NZ$199–599**,False,1,0,medium,,,DISCOVERED,0,,61,BACKLOG,22,9,4,12,6,3,5,1,False,False
ME-0474,No Newsletter Lead Finder,HERMES_MEGA_MONEY_ENGINE_PART_5_OF_5.md,HERMES_MEGA_MONEY_ENGINE_PART_5_OF_5.md:L14840,trigger_leads,businesses with customer audiences,,Find prospects and create sample edition.,199,199,**NZ$199–599**,False,1,0,medium,,,DISCOVERED,0,,61,BACKLOG,22,9,4,12,6,3,5,1,False,False
ME-0481,Signwriter Referral Partnership,HERMES_MEGA_MONEY_ENGINE_PART_5_OF_5.md,HERMES_MEGA_MONEY_ENGINE_PART_5_OF_5.md:L16303,white_label,signwriters and brand installers,,Create reciprocal referral/offering system.,199,199,**NZ$199–599 setup**,False,1,0,medium,,,DISCOVERED,0,,61,BACKLOG,22,9,4,12,6,3,5,1,False,False
ME-0483,Commercial Cleaner Referral Network,HERMES_MEGA_MONEY_ENGINE_PART_5_OF_5.md,HERMES_MEGA_MONEY_ENGINE_PART_5_OF_5.md:L16721,white_label,commercial service businesses,,Build cross-referral network and lead-sharing structure.,199,199,**NZ$199–599**,False,1,0,medium,,,DISCOVERED,0,,61,BACKLOG,22,9,4,12,6,3,5,1,False,False
ME-0486,Personalised Loom Script Service,HERMES_MEGA_MONEY_ENGINE_PART_5_OF_5.md,HERMES_MEGA_MONEY_ENGINE_PART_5_OF_5.md:L17348,sales_enablement,salespeople/agencies,,Research prospect and write 60-second personalised video script.,20,20,**NZ$20–75/script**,False,1,0,medium,,,DISCOVERED,0,,61,BACKLOG,22,9,4,12,6,3,5,1,False,False
ME-0014,MONEY ENGINE 15 — COMPETITOR INTELLIGENCE REPORTS,HERMES_MEGA_MONEY_ENGINE_PART_1_OF_5.md,HERMES_MEGA_MONEY_ENGINE_PART_1_OF_5.md:L2074,,,,"Sell useful, sourced competitive analysis.",None,None,,False,3,0,medium,,,DISCOVERED,0,,60,BACKLOG,18,14,8,12,0,3,5,1,False,False
ME-0015,MONEY ENGINE 16 — BUSINESS IDEA VALIDATION REPORT,HERMES_MEGA_MONEY_ENGINE_PART_1_OF_5.md,HERMES_MEGA_MONEY_ENGINE_PART_1_OF_5.md:L2111,,,,,None,None,,False,3,0,medium,,,DISCOVERED,0,,60,BACKLOG,18,14,8,12,0,3,5,1,False,False
ME-0027,MONEY ENGINE 28 — PAID INDUSTRY REPORTS,HERMES_MEGA_MONEY_ENGINE_PART_1_OF_5.md,HERMES_MEGA_MONEY_ENGINE_PART_1_OF_5.md:L2471,,,,,None,None,,False,3,0,medium,,,DISCOVERED,0,,60,BACKLOG,18,14,8,12,0,3,5,1,False,False
ME-0101,Alternative Supplier Finder,HERMES_MEGA_MONEY_ENGINE_PART_1_OF_5.md,HERMES_MEGA_MONEY_ENGINE_PART_1_OF_5.md:L14461,supplier_research,businesses facing unavailable or expensive supply,"The customer currently performs this work manually, inconsistently, too late, or not at all. The commercial opportunity is to replace repetitive analysis/admin/research with a structured Hermes workflow.","Research substitute suppliers and compare capability, price evidence and risk.",199,1200,"$199–$1,200/project",False,3,None,medium,4/5,- Direct outreach to businesses visibly showing the problem. - Existing CATALYX contacts where relevant. - Local business directories and LinkedIn. - Partnerships with agencies/bookkeepers/consultants/trades. - Demonstration using lawful public information. - Upsell from adjacent Hermes services.,DISCOVERED,0,,60,BACKLOG,20,12,8,5,10,4,1,1,False,True
ME-0102,Product Substitution Research,HERMES_MEGA_MONEY_ENGINE_PART_1_OF_5.md,HERMES_MEGA_MONEY_ENGINE_PART_1_OF_5.md:L14658,supplier_research,technical/product businesses,"The customer currently performs this work manually, inconsistently, too late, or not at all. The commercial opportunity is to replace repetitive analysis/admin/research with a structured Hermes workflow.","Compare potential substitutes by specification, availability, evidence and commercial fit.",199,1200,"$199–$1,200/project",False,3,None,medium,4/5,- Direct outreach to businesses visibly showing the problem. - Existing CATALYX contacts where relevant. - Local business directories and LinkedIn. - Partnerships with agencies/bookkeepers/consultants/trades. - Demonstration using lawful public information. - Upsell from adjacent Hermes services.,DISCOVERED,0,,60,BACKLOG,20,12,8,5,10,4,1,1,False,True
ME-0123,Email Thread Summarisation Service,HERMES_MEGA_MONEY_ENGINE_PART_2_OF_5.md,HERMES_MEGA_MONEY_ENGINE_PART_2_OF_5.md:L1577,document_analysis,busy teams with long email threads,"The customer currently performs this work manually, inconsistently, too late, or not at all. The commercial opportunity is to replace repetitive analysis/admin/research with a structured Hermes workflow.","Extract decisions, commitments, issues, owners and next actions from long threads.",99,799,$99–$799/project,False,7,None,low,5/5,- Direct outreach to businesses visibly showing the problem. - Existing CATALYX contacts where relevant. - Local business directories and LinkedIn. - Partnerships with agencies/bookkeepers/consultants/trades. - Demonstration using lawful public information. - Upsell from adjacent Hermes services.,DISCOVERED,0,,60,BACKLOG,15,16,8,5,10,5,1,1,True,True
ME-0155,Checkout Friction Audit,HERMES_MEGA_MONEY_ENGINE_PART_2_OF_5.md,HERMES_MEGA_MONEY_ENGINE_PART_2_OF_5.md:L7881,audit,ecommerce and booking businesses,"The customer currently performs this work manually, inconsistently, too late, or not at all. The commercial opportunity is to replace repetitive analysis/admin/research with a structured Hermes workflow.",Review checkout/enquiry flow and identify unnecessary friction.,149,999,$149–$999/project,False,3,None,medium,4/5,- Direct outreach to businesses visibly showing the problem. - Existing CATALYX contacts where relevant. - Local business directories and LinkedIn. - Partnerships with agencies/bookkeepers/consultants/trades. - Demonstration using lawful public information. - Upsell from adjacent Hermes services.,DISCOVERED,0,,60,BACKLOG,20,12,8,5,10,4,1,1,False,True
ME-0156,Pricing Page Audit,HERMES_MEGA_MONEY_ENGINE_PART_2_OF_5.md,HERMES_MEGA_MONEY_ENGINE_PART_2_OF_5.md:L8078,audit,SaaS and service businesses,"The customer currently performs this work manually, inconsistently, too late, or not at all. The commercial opportunity is to replace repetitive analysis/admin/research with a structured Hermes workflow.",Review plan/service pricing clarity and recommend clearer packaging.,149,999,$149–$999/project,False,3,None,medium,4/5,- Direct outreach to businesses visibly showing the problem. - Existing CATALYX contacts where relevant. - Local business directories and LinkedIn. - Partnerships with agencies/bookkeepers/consultants/trades. - Demonstration using lawful public information. - Upsell from adjacent Hermes services.,DISCOVERED,0,,60,BACKLOG,20,12,8,5,10,4,1,1,False,True
ME-0188,Influencer / Creator Research Service,HERMES_MEGA_MONEY_ENGINE_PART_2_OF_5.md,HERMES_MEGA_MONEY_ENGINE_PART_2_OF_5.md:L14382,research,brands and agencies,"The customer currently performs this work manually, inconsistently, too late, or not at all. The commercial opportunity is to replace repetitive analysis/admin/research with a structured Hermes workflow.",Find niche creators and produce fit/brand-safety research briefs.,199,1200,"$199–$1,200/project",False,3,None,medium,4/5,- Direct outreach to businesses visibly showing the problem. - Existing CATALYX contacts where relevant. - Local business directories and LinkedIn. - Partnerships with agencies/bookkeepers/consultants/trades. - Demonstration using lawful public information. - Upsell from adjacent Hermes services.,DISCOVERED,0,,60,BACKLOG,20,12,8,5,10,4,1,1,False,True
ME-0189,Podcast Guest Research Service,HERMES_MEGA_MONEY_ENGINE_PART_2_OF_5.md,HERMES_MEGA_MONEY_ENGINE_PART_2_OF_5.md:L14579,research,podcasters and media creators,"The customer currently performs this work manually, inconsistently, too late, or not at all. The commercial opportunity is to replace repetitive analysis/admin/research with a structured Hermes workflow.",Find credible potential guests and prepare guest briefs/outreach.,199,1200,"$199–$1,200/project",False,3,None,medium,4/5,- Direct outreach to businesses visibly showing the problem. - Existing CATALYX contacts where relevant. - Local business directories and LinkedIn. - Partnerships with agencies/bookkeepers/consultants/trades. - Demonstration using lawful public information. - Upsell from adjacent Hermes services.,DISCOVERED,0,,60,BACKLOG,20,12,8,5,10,4,1,1,False,True
ME-0190,Podcast Guest Booking Prep,HERMES_MEGA_MONEY_ENGINE_PART_2_OF_5.md,HERMES_MEGA_MONEY_ENGINE_PART_2_OF_5.md:L14776,research,"experts, founders and brands","The customer currently performs this work manually, inconsistently, too late, or not at all. The commercial opportunity is to replace repetitive analysis/admin/research with a structured Hermes workflow.",Research shows/podcasts a client could appear on and prepare tailored pitches.,199,1200,"$199–$1,200/project",False,3,None,medium,4/5,- Direct outreach to businesses visibly showing the problem. - Existing CATALYX contacts where relevant. - Local business directories and LinkedIn. - Partnerships with agencies/bookkeepers/consultants/trades. - Demonstration using lawful public information. - Upsell from adjacent Hermes services.,DISCOVERED,0,,60,BACKLOG,20,12,8,5,10,4,1,1,False,True
ME-0193,Award Entry Assistant,HERMES_MEGA_MONEY_ENGINE_PART_2_OF_5.md,HERMES_MEGA_MONEY_ENGINE_PART_2_OF_5.md:L15367,research,businesses and professionals,"The customer currently performs this work manually, inconsistently, too late, or not at all. The commercial opportunity is to replace repetitive analysis/admin/research with a structured Hermes workflow.",Find relevant awards and prepare evidence checklist and draft submission.,199,1200,"$199–$1,200/project",False,3,None,medium,4/5,- Direct outreach to businesses visibly showing the problem. - Existing CATALYX contacts where relevant. - Local business directories and LinkedIn. - Partnerships with agencies/bookkeepers/consultants/trades. - Demonstration using lawful public information. - Upsell from adjacent Hermes services.,DISCOVERED,0,,60,BACKLOG,20,12,8,5,10,4,1,1,False,True
ME-0205,Competitor Content Gap Finder,HERMES_MEGA_MONEY_ENGINE_PART_3_OF_5.md,HERMES_MEGA_MONEY_ENGINE_PART_3_OF_5.md:L592,research,businesses and agencies,"The customer currently performs this work manually, inconsistently, too late, or not at all. The commercial opportunity is to replace repetitive analysis/admin/research with a structured Hermes workflow.",Analyse competitor content and identify useful topics they fail to cover.,199,1200,"$199–$1,200/project",False,3,None,medium,4/5,- Direct outreach to businesses visibly showing the problem. - Existing CATALYX contacts where relevant. - Local business directories and LinkedIn. - Partnerships with agencies/bookkeepers/consultants/trades. - Demonstration using lawful public information. - Upsell from adjacent Hermes services.,DISCOVERED,0,,60,BACKLOG,20,12,8,5,10,4,1,1,False,True
ME-0206,Local Search Gap Finder,HERMES_MEGA_MONEY_ENGINE_PART_3_OF_5.md,HERMES_MEGA_MONEY_ENGINE_PART_3_OF_5.md:L789,research,local service businesses,"The customer currently performs this work manually, inconsistently, too late, or not at all. The commercial opportunity is to replace repetitive analysis/admin/research with a structured Hermes workflow.",Identify valuable local customer questions that are poorly answered online.,199,1200,"$199–$1,200/project",False,3,None,medium,4/5,- Direct outreach to businesses visibly showing the problem. - Existing CATALYX contacts where relevant. - Local business directories and LinkedIn. - Partnerships with agencies/bookkeepers/consultants/trades. - Demonstration using lawful public information. - Upsell from adjacent Hermes services.,DISCOVERED,0,,60,BACKLOG,20,12,8,5,10,4,1,1,False,True
ME-0270,Standard Update Monitoring,HERMES_MEGA_MONEY_ENGINE_PART_3_OF_5.md,HERMES_MEGA_MONEY_ENGINE_PART_3_OF_5.md:L11683,monitoring,technical businesses,,Monitor approved standards/manufacturer documents for revisions and flag relevant changes.,99,999,$99–$999/month,True,7,None,low,5/5,,DISCOVERED,0,,60,BACKLOG,13,16,20,5,0,5,1,1,False,True
ME-0271,Product Recall Monitoring,HERMES_MEGA_MONEY_ENGINE_PART_3_OF_5.md,HERMES_MEGA_MONEY_ENGINE_PART_3_OF_5.md:L11846,monitoring,product businesses,,Monitor relevant official recall sources for affected product categories.,99,999,$99–$999/month,True,7,None,low,5/5,,DISCOVERED,0,,60,BACKLOG,13,16,20,5,0,5,1,1,False,True
ME-0272,Safety Notice Monitoring,HERMES_MEGA_MONEY_ENGINE_PART_3_OF_5.md,HERMES_MEGA_MONEY_ENGINE_PART_3_OF_5.md:L12009,monitoring,equipment/product businesses,,Monitor official/manufacturer safety notices relevant to approved equipment/products.,99,999,$99–$999/month,True,7,None,low,5/5,,DISCOVERED,0,,60,BACKLOG,13,16,20,5,0,5,1,1,False,True
ME-0314,Tender Deadline Calendar Service,HERMES_MEGA_MONEY_ENGINE_PART_3_OF_5.md,HERMES_MEGA_MONEY_ENGINE_PART_3_OF_5.md:L18855,monitoring,contractors and suppliers,,Create personalised calendar of relevant procurement deadlines.,99,999,$99–$999/month,True,7,None,low,5/5,,DISCOVERED,0,,60,BACKLOG,13,16,20,5,0,5,1,1,False,True
ME-0064,Business Naming & Positioning Packs,HERMES_MEGA_MONEY_ENGINE_PART_1_OF_5.md,HERMES_MEGA_MONEY_ENGINE_PART_1_OF_5.md:L8104,,New businesses and rebrands.,,"Naming shortlist, positioning options, taglines, service architecture and launch messaging.",None,None,,False,3,0,low,4/5,,DISCOVERED,0,,59,BACKLOG,18,16,4,12,0,4,5,1,False,False
ME-0065,Franchise / Operations Manual Documentation,HERMES_MEGA_MONEY_ENGINE_PART_1_OF_5.md,HERMES_MEGA_MONEY_ENGINE_PART_1_OF_5.md:L8249,,"Growing SMEs, multi-location businesses, franchises.",,"Turn existing process knowledge into structured manuals, SOPs, checklists and role guides.",None,None,,False,3,0,low,4/5,,DISCOVERED,0,,59,BACKLOG,18,16,4,12,0,4,5,1,False,False
ME-0083,Maintenance Schedule Generator,HERMES_MEGA_MONEY_ENGINE_PART_1_OF_5.md,HERMES_MEGA_MONEY_ENGINE_PART_1_OF_5.md:L11004,,"Property, fleet, equipment and facility owners.",,Create structured maintenance schedules from approved manufacturer/client information.,None,None,,False,3,0,low,4/5,,DISCOVERED,0,,59,BACKLOG,18,16,4,12,0,4,5,1,False,False
ME-0344,Business Intelligence Desk,HERMES_MEGA_MONEY_ENGINE_PART_4_OF_5.md,HERMES_MEGA_MONEY_ENGINE_PART_4_OF_5.md:L6449,,SMEs wanting recurring market awareness,,"Weekly competitor, review, lead and opportunity intelligence with 5 recommended actions.",499,499,"**NZ$499–1,499/month**",True,7,None,medium,,,DISCOVERED,0,,59,BACKLOG,17,5,20,7,6,3,1,1,False,True
ME-0374,Local Opportunity Desk,HERMES_MEGA_MONEY_ENGINE_PART_4_OF_5.md,HERMES_MEGA_MONEY_ENGINE_PART_4_OF_5.md:L13041,,local B2B businesses,,"Bundle new leads, new businesses, property triggers, competitor changes and 5 weekly actions.",299,299,**NZ$299–999/month**,True,7,None,medium,,,DISCOVERED,0,,59,BACKLOG,17,5,20,7,6,3,1,1,False,True
ME-0043,Sales Call / Meeting Summary Service,HERMES_MEGA_MONEY_ENGINE_PART_1_OF_5.md,HERMES_MEGA_MONEY_ENGINE_PART_1_OF_5.md:L4769,,"Sales teams, consultants, agencies, service businesses.",,"Turn transcripts/notes into summary, action items, objections, next steps and follow-up drafts.",None,None,,False,7,0,very_low,5/5,,DISCOVERED,0,,57,BACKLOG,13,20,4,12,0,5,3,1,True,False
ME-0347,Lost Quote Analysis,HERMES_MEGA_MONEY_ENGINE_PART_4_OF_5.md,HERMES_MEGA_MONEY_ENGINE_PART_4_OF_5.md:L7067,,quote-heavy businesses,,"Analyse won/lost quotes to identify patterns in price, timing, service, location and follow-up.",199,199,**NZ$199–599**,False,3,None,low,5/5,,DISCOVERED,0,,57,BACKLOG,20,16,4,5,6,5,1,2,False,True
ME-0366,Newsletter Service,HERMES_MEGA_MONEY_ENGINE_PART_4_OF_5.md,HERMES_MEGA_MONEY_ENGINE_PART_4_OF_5.md:L11393,,local businesses and niche operators,,Research and produce monthly newsletter plus subject lines and repurposed posts.,199,199,**NZ$199–599/month**,True,7,None,medium,,,DISCOVERED,0,,57,BACKLOG,17,5,20,5,6,3,1,1,False,True
ME-0367,Industry Newsletter White-Labelling,HERMES_MEGA_MONEY_ENGINE_PART_4_OF_5.md,HERMES_MEGA_MONEY_ENGINE_PART_4_OF_5.md:L11599,,agencies and businesses in same sector,,Create one core industry newsletter and customise it for multiple brands.,99,99,**NZ$99–249/client/month**,True,7,None,medium,,,DISCOVERED,0,,57,BACKLOG,17,5,20,5,6,3,1,1,False,True
ME-0371,New Business Prospect Monitor,HERMES_MEGA_MONEY_ENGINE_PART_4_OF_5.md,HERMES_MEGA_MONEY_ENGINE_PART_4_OF_5.md:L12423,,trades and B2B service providers,,Identify newly opening businesses that may need services and create qualified lead alerts.,None,None,**NZ$recurring: 199–799/month**,True,7,None,medium,,,DISCOVERED,0,,57,BACKLOG,17,5,20,5,6,3,1,1,False,True
ME-0013,MONEY ENGINE 14 — DIGITAL RECEPTIONIST PACKAGE,HERMES_MEGA_MONEY_ENGINE_PART_1_OF_5.md,HERMES_MEGA_MONEY_ENGINE_PART_1_OF_5.md:L2039,,,,Build an approved answer system for common enquiries.,None,None,,False,3,0,medium,,,DISCOVERED,0,,56,BACKLOG,18,14,4,12,0,3,5,1,False,False
ME-0017,MONEY ENGINE 18 — E-COMMERCE PRODUCT DESCRIPTION SERVICE,HERMES_MEGA_MONEY_ENGINE_PART_1_OF_5.md,HERMES_MEGA_MONEY_ENGINE_PART_1_OF_5.md:L2172,,,,,None,None,,False,3,0,medium,,,DISCOVERED,0,,56,BACKLOG,18,14,4,12,0,3,5,1,False,False
ME-0021,MONEY ENGINE 22 — H&S / SOP DOCUMENT ORGANISATION,HERMES_MEGA_MONEY_ENGINE_PART_1_OF_5.md,HERMES_MEGA_MONEY_ENGINE_PART_1_OF_5.md:L2296,,,,Help businesses organise their existing procedures.,None,None,,False,3,0,medium,,,DISCOVERED,0,,56,BACKLOG,18,14,4,12,0,3,5,1,False,False
ME-0030,MONEY ENGINE 31 — APPOINTMENT SETTING AGENCY,HERMES_MEGA_MONEY_ENGINE_PART_1_OF_5.md,HERMES_MEGA_MONEY_ENGINE_PART_1_OF_5.md:L2562,,,,Sell qualified meetings rather than content.,None,None,,False,3,0,medium,,,DISCOVERED,0,,56,BACKLOG,18,14,4,12,0,3,5,1,False,False
ME-0166,Sales Funnel Audit,HERMES_MEGA_MONEY_ENGINE_PART_2_OF_5.md,HERMES_MEGA_MONEY_ENGINE_PART_2_OF_5.md:L10048,audit,sales-driven businesses,"The customer currently performs this work manually, inconsistently, too late, or not at all. The commercial opportunity is to replace repetitive analysis/admin/research with a structured Hermes workflow.",Map lead-to-sale stages and identify drop-off points.,149,999,$149–$999/project,False,7,None,medium,4/5,- Direct outreach to businesses visibly showing the problem. - Existing CATALYX contacts where relevant. - Local business directories and LinkedIn. - Partnerships with agencies/bookkeepers/consultants/trades. - Demonstration using lawful public information. - Upsell from adjacent Hermes services.,DISCOVERED,0,,55,BACKLOG,15,12,8,5,10,4,1,1,True,True
ME-0167,Follow-Up Sequence Audit,HERMES_MEGA_MONEY_ENGINE_PART_2_OF_5.md,HERMES_MEGA_MONEY_ENGINE_PART_2_OF_5.md:L10245,audit,sales teams,"The customer currently performs this work manually, inconsistently, too late, or not at all. The commercial opportunity is to replace repetitive analysis/admin/research with a structured Hermes workflow.",Review current follow-up timing/messages and identify missing steps.,149,999,$149–$999/project,False,7,None,medium,4/5,- Direct outreach to businesses visibly showing the problem. - Existing CATALYX contacts where relevant. - Local business directories and LinkedIn. - Partnerships with agencies/bookkeepers/consultants/trades. - Demonstration using lawful public information. - Upsell from adjacent Hermes services.,DISCOVERED,0,,55,BACKLOG,15,12,8,5,10,4,1,1,True,True
ME-0364,Customer Survey + Analysis,HERMES_MEGA_MONEY_ENGINE_PART_4_OF_5.md,HERMES_MEGA_MONEY_ENGINE_PART_4_OF_5.md:L10775,,SMEs needing structured feedback,,"Design survey, analyse responses and provide action report.",299,299,**NZ$299–699**,False,3,None,medium,,,DISCOVERED,0,,55,BACKLOG,20,10,8,7,6,3,1,1,False,True
ME-0024,MONEY ENGINE 25 — USED EQUIPMENT FLIPPING RESEARCH,HERMES_MEGA_MONEY_ENGINE_PART_1_OF_5.md,HERMES_MEGA_MONEY_ENGINE_PART_1_OF_5.md:L2371,,,,Use Hermes to find underpriced equipment where resale economics are attractive.,None,None,,False,7,0,medium,,,DISCOVERED,0,,54,HOLD,17,9,4,12,6,3,3,1,True,False
ME-0338,Lost Quote Recovery System,HERMES_MEGA_MONEY_ENGINE_PART_4_OF_5.md,HERMES_MEGA_MONEY_ENGINE_PART_4_OF_5.md:L4389,,businesses with many outstanding/lost quotes,,"Clean and rank quote pipeline, identify high-value recoverable quotes, create tailored follow-up sequences.",299,299,**NZ$299 setup + monthly**,True,21,None,medium,,,DISCOVERED,0,,54,HOLD,12,5,20,7,6,3,1,1,True,True
ME-0350,Supplier Research Pack,HERMES_MEGA_MONEY_ENGINE_PART_4_OF_5.md,HERMES_MEGA_MONEY_ENGINE_PART_4_OF_5.md:L7891,,"product businesses, trades, manufacturers",,Find and compare alternative suppliers with MOQ/capabilities and RFQ-ready questions.,299,299,**NZ$299–999**,False,3,None,medium,4/5,,DISCOVERED,0,,54,HOLD,20,12,4,7,6,4,1,2,False,True
ME-0331,Website Rescue Mini-Audits,HERMES_MEGA_MONEY_ENGINE_PART_4_OF_5.md,HERMES_MEGA_MONEY_ENGINE_PART_4_OF_5.md:L2947,,local trades and SMEs with outdated/weak websites,,"A scored mini-audit with 3 specific issues, one rewritten section, and a 30-day fix plan.",299,299,**NZ$299–799**,False,3,None,medium,,,DISCOVERED,0,,51,HOLD,20,10,4,7,6,3,1,1,False,True
ME-0340,Lead List + Personalised Outreach Pack,HERMES_MEGA_MONEY_ENGINE_PART_4_OF_5.md,HERMES_MEGA_MONEY_ENGINE_PART_4_OF_5.md:L5419,,B2B businesses,,"50 qualified prospects with evidence, fit score and personalised opening line.",299,299,**NZ$299–750**,False,3,None,medium,,,DISCOVERED,0,,51,HOLD,20,10,4,7,6,3,1,1,False,True
ME-0342,Cold Prospect Personalisation Service,HERMES_MEGA_MONEY_ENGINE_PART_4_OF_5.md,HERMES_MEGA_MONEY_ENGINE_PART_4_OF_5.md:L5831,,agencies and B2B sellers with prospect lists,,Research each prospect and create fact-based personalised opening lines and messages.,299,299,**NZ$299–999/batch**,False,3,None,medium,,,DISCOVERED,0,,51,HOLD,20,10,4,7,6,3,1,1,False,True
ME-0345,Lead Source Profitability Audit,HERMES_MEGA_MONEY_ENGINE_PART_4_OF_5.md,HERMES_MEGA_MONEY_ENGINE_PART_4_OF_5.md:L6655,,businesses using multiple lead channels,,"Compare lead sources by volume, conversion, value and waste.",299,299,**NZ$299–599**,False,3,None,medium,,,DISCOVERED,0,,51,HOLD,20,10,4,7,6,3,1,1,False,True
ME-0346,Marketing Waste Audit,HERMES_MEGA_MONEY_ENGINE_PART_4_OF_5.md,HERMES_MEGA_MONEY_ENGINE_PART_4_OF_5.md:L6861,,businesses spending across ads/directories/social,,Identify channels consuming spend/time without meaningful sales.,299,299,**NZ$299–799**,False,3,None,medium,,,DISCOVERED,0,,51,HOLD,20,10,4,7,6,3,1,1,False,True
ME-0349,Service Area Profitability Audit,HERMES_MEGA_MONEY_ENGINE_PART_4_OF_5.md,HERMES_MEGA_MONEY_ENGINE_PART_4_OF_5.md:L7685,,mobile trades and service businesses,,Compare profitability by suburb/region and identify areas to prioritise/avoid.,299,299,**NZ$299–699**,False,3,None,medium,,,DISCOVERED,0,,51,HOLD,20,10,4,7,6,3,1,1,False,True
ME-0031,MONEY ENGINE 32 — WHITE-LABEL PRODUCTION FOR AGENCIES,HERMES_MEGA_MONEY_ENGINE_PART_1_OF_5.md,HERMES_MEGA_MONEY_ENGINE_PART_1_OF_5.md:L2601,,,,Become the invisible production team behind marketing/web agencies.,None,None,,False,7,0,medium,,Target: - Small marketing agencies. - Freelance web designers. - Branding studios. - SEO consultants. - Business consultants. ---,DISCOVERED,0,,50,HOLD,15,9,4,12,2,3,5,1,False,False
ME-0235,Minimum Job Value Analysis,HERMES_MEGA_MONEY_ENGINE_PART_3_OF_5.md,HERMES_MEGA_MONEY_ENGINE_PART_3_OF_5.md:L5978,analytics,trades and service businesses,,Determine which small jobs consume excessive admin/travel relative to revenue.,299,2000,"$299–$2,000/project or recurring",False,7,None,low,5/5,,DISCOVERED,0,,50,HOLD,13,16,8,7,0,5,1,1,False,True
ME-0237,Travel Cost Leakage Analysis,HERMES_MEGA_MONEY_ENGINE_PART_3_OF_5.md,HERMES_MEGA_MONEY_ENGINE_PART_3_OF_5.md:L6304,analytics,mobile service businesses,,Identify jobs where travel time/cost destroys margin.,299,2000,"$299–$2,000/project or recurring",False,7,None,low,5/5,,DISCOVERED,0,,50,HOLD,13,16,8,7,0,5,1,1,False,True
ME-0246,Job Complexity Scorer,HERMES_MEGA_MONEY_ENGINE_PART_3_OF_5.md,HERMES_MEGA_MONEY_ENGINE_PART_3_OF_5.md:L7771,forms,trades and project businesses,,"Score incoming jobs as simple, standard, complex or inspection-required.",299,1500,"$299–$1,500 setup",False,7,None,low,5/5,,DISCOVERED,0,,50,HOLD,13,16,8,7,0,5,1,1,False,True
ME-0247,Site Visit Necessity Checker,HERMES_MEGA_MONEY_ENGINE_PART_3_OF_5.md,HERMES_MEGA_MONEY_ENGINE_PART_3_OF_5.md:L7934,forms,trades and service businesses,,Identify which enquiries can be quoted remotely versus requiring inspection.,299,1500,"$299–$1,500 setup",False,7,None,low,5/5,,DISCOVERED,0,,50,HOLD,13,16,8,7,0,5,1,1,False,True
ME-0258,Parts Usage Intelligence,HERMES_MEGA_MONEY_ENGINE_PART_3_OF_5.md,HERMES_MEGA_MONEY_ENGINE_PART_3_OF_5.md:L9727,analytics,service workshops and equipment businesses,,Identify commonly consumed parts and likely reorder patterns.,299,2000,"$299–$2,000/project or recurring",False,7,None,low,5/5,,DISCOVERED,0,,50,HOLD,13,16,8,7,0,5,1,1,False,True
ME-0262,Stockout Impact Report,HERMES_MEGA_MONEY_ENGINE_PART_3_OF_5.md,HERMES_MEGA_MONEY_ENGINE_PART_3_OF_5.md:L10379,analytics,product businesses,,Identify where stockouts caused lost sales or customer issues.,299,2000,"$299–$2,000/project or recurring",False,7,None,low,5/5,,DISCOVERED,0,,50,HOLD,13,16,8,7,0,5,1,1,False,True
ME-0283,Vendor Scorecard Service,HERMES_MEGA_MONEY_ENGINE_PART_3_OF_5.md,HERMES_MEGA_MONEY_ENGINE_PART_3_OF_5.md:L13802,analytics,procurement teams and SMEs,,"Create recurring supplier scorecards from delivery, quality and price data.",299,2000,"$299–$2,000/project or recurring",False,7,None,low,5/5,,DISCOVERED,0,,50,HOLD,13,16,8,7,0,5,1,1,False,True
ME-0019,MONEY ENGINE 20 — INVOICE FOLLOW-UP ADMINISTRATION,HERMES_MEGA_MONEY_ENGINE_PART_1_OF_5.md,HERMES_MEGA_MONEY_ENGINE_PART_1_OF_5.md:L2235,,,,Help businesses consistently follow up ordinary overdue invoices.,None,None,,False,7,0,medium,,,DISCOVERED,0,,49,HOLD,13,14,4,12,0,3,3,1,True,False
ME-0333,Review Intelligence Audit,HERMES_MEGA_MONEY_ENGINE_PART_4_OF_5.md,HERMES_MEGA_MONEY_ENGINE_PART_4_OF_5.md:L3359,,review-heavy local businesses,,"Analyse own and competitor reviews to identify praise, complaints, buying criteria and 5 actions.",149,149,**NZ$149–399**,False,3,None,medium,,,DISCOVERED,0,,49,HOLD,20,10,4,5,6,3,1,1,False,True
ME-0334,Competitor Intelligence Snapshot,HERMES_MEGA_MONEY_ENGINE_PART_4_OF_5.md,HERMES_MEGA_MONEY_ENGINE_PART_4_OF_5.md:L3565,,local businesses with obvious competitors,,"Compare 3–10 competitors on services, public pricing, positioning, reviews and gaps.",199,199,**NZ$199–499**,False,3,None,medium,,,DISCOVERED,0,,49,HOLD,20,10,4,5,6,3,1,1,False,True
ME-0335,30-Day Social Pack,HERMES_MEGA_MONEY_ENGINE_PART_4_OF_5.md,HERMES_MEGA_MONEY_ENGINE_PART_4_OF_5.md:L3771,,businesses posting inconsistently,,30 ready-to-use post ideas/captions with 3 polished samples created before outreach.,199,199,**NZ$199–399**,False,3,None,medium,,,DISCOVERED,0,,49,HOLD,20,10,4,5,6,3,1,1,False,True
ME-0348,Minimum Job Value Audit,HERMES_MEGA_MONEY_ENGINE_PART_4_OF_5.md,HERMES_MEGA_MONEY_ENGINE_PART_4_OF_5.md:L7479,,trades and service businesses,,Calculate which tiny jobs are uneconomic after travel/admin/labour.,199,199,**NZ$199–499**,False,3,None,medium,,,DISCOVERED,0,,49,HOLD,20,10,4,5,6,3,1,1,False,True
ME-0352,RFQ Writing Service,HERMES_MEGA_MONEY_ENGINE_PART_4_OF_5.md,HERMES_MEGA_MONEY_ENGINE_PART_4_OF_5.md:L8303,,businesses needing supplier quotes,,Turn business needs into a professional RFQ and response template.,149,149,**NZ$149–499**,False,3,None,medium,,,DISCOVERED,0,,49,HOLD,20,10,4,5,6,3,1,1,False,True
ME-0355,Case Study Factory,HERMES_MEGA_MONEY_ENGINE_PART_4_OF_5.md,HERMES_MEGA_MONEY_ENGINE_PART_4_OF_5.md:L8921,,trades and project businesses,,"Turn completed job info into website case study, social content, Google content and review request.",99,99,**NZ$99–299/project**,False,3,None,medium,,,DISCOVERED,0,,49,HOLD,20,10,4,5,6,3,1,1,False,True
ME-0356,Before/After Marketing Pack,HERMES_MEGA_MONEY_ENGINE_PART_4_OF_5.md,HERMES_MEGA_MONEY_ENGINE_PART_4_OF_5.md:L9127,,"flooring, painting, landscaping, detailing, cleaning, building",,Turn one completed job into 10–15 marketing assets.,99,99,**NZ$99–249/job**,False,3,None,medium,,,DISCOVERED,0,,49,HOLD,20,10,4,5,6,3,1,1,False,True
ME-0357,FAQ Factory,HERMES_MEGA_MONEY_ENGINE_PART_4_OF_5.md,HERMES_MEGA_MONEY_ENGINE_PART_4_OF_5.md:L9333,,service businesses,,"Create real customer FAQs, answers, objections and content topics from site/review/message evidence.",199,199,**NZ$199–599**,False,3,None,medium,,,DISCOVERED,0,,49,HOLD,20,10,4,5,6,3,1,1,False,True
ME-0358,Sales Script & Objection Pack,HERMES_MEGA_MONEY_ENGINE_PART_4_OF_5.md,HERMES_MEGA_MONEY_ENGINE_PART_4_OF_5.md:L9539,,businesses with staff answering enquiries,,"Create phone, SMS, email and objection-handling scripts.",199,199,**NZ$199–499**,False,3,None,medium,,,DISCOVERED,0,,49,HOLD,20,10,4,5,6,3,1,1,False,True
ME-0368,Seasonal Campaign-in-a-Box,HERMES_MEGA_MONEY_ENGINE_PART_4_OF_5.md,HERMES_MEGA_MONEY_ENGINE_PART_4_OF_5.md:L11805,,retail/service businesses,,"Create full seasonal promotion pack: email, SMS draft, posts, ad copy and schedule.",149,149,**NZ$149–399**,False,3,None,medium,,,DISCOVERED,0,,49,HOLD,20,10,4,5,6,3,1,1,False,True
ME-0009,MONEY ENGINE 10 — LOCAL SEO PAGE SERVICE,HERMES_MEGA_MONEY_ENGINE_PART_1_OF_5.md,HERMES_MEGA_MONEY_ENGINE_PART_1_OF_5.md:L1887,,,,- Keyword map. - 5–20 location/service pages. - Internal-link plan. - FAQ. - Metadata.,None,None,,False,7,0,medium,,,DISCOVERED,0,,48,HOLD,15,9,4,12,0,3,5,1,False,False
ME-0016,MONEY ENGINE 17 — TRADIE BUSINESS LAUNCH KIT,HERMES_MEGA_MONEY_ENGINE_PART_1_OF_5.md,HERMES_MEGA_MONEY_ENGINE_PART_1_OF_5.md:L2139,,A tradesperson becoming self-employed.,,,None,None,,False,7,0,medium,,,DISCOVERED,0,,48,HOLD,15,9,4,12,0,3,5,1,False,False
ME-0026,MONEY ENGINE 27 — DIGITAL PRODUCTS,HERMES_MEGA_MONEY_ENGINE_PART_1_OF_5.md,HERMES_MEGA_MONEY_ENGINE_PART_1_OF_5.md:L2440,,,,,None,None,,False,7,0,medium,,,DISCOVERED,0,,48,HOLD,15,9,4,12,0,3,5,1,False,False
ME-0028,MONEY ENGINE 29 — SMALL BUSINESS TOOLS / MICRO-SAAS,HERMES_MEGA_MONEY_ENGINE_PART_1_OF_5.md,HERMES_MEGA_MONEY_ENGINE_PART_1_OF_5.md:L2493,,,,,None,None,,False,7,0,medium,,,DISCOVERED,0,,48,HOLD,15,9,4,12,0,3,5,1,False,False
ME-0029,MONEY ENGINE 30 — MICRO-AGENCY,HERMES_MEGA_MONEY_ENGINE_PART_1_OF_5.md,HERMES_MEGA_MONEY_ENGINE_PART_1_OF_5.md:L2530,,,,Combine several proven Hermes services into one outsourced business-growth desk.,None,None,,False,7,0,medium,,,DISCOVERED,0,,48,HOLD,15,9,4,12,0,3,5,1,False,False
ME-0032,MONEY ENGINE 33 — NICHE AGENT LICENSING,HERMES_MEGA_MONEY_ENGINE_PART_1_OF_5.md,HERMES_MEGA_MONEY_ENGINE_PART_1_OF_5.md:L2645,,,,,None,None,,False,7,0,medium,,,DISCOVERED,0,,48,HOLD,15,9,4,12,0,3,5,1,False,False
ME-0033,MONEY ENGINE 34 — FULL BUSINESS SYSTEM LICENSING,HERMES_MEGA_MONEY_ENGINE_PART_1_OF_5.md,HERMES_MEGA_MONEY_ENGINE_PART_1_OF_5.md:L2674,,,,,None,None,,False,7,0,medium,,,DISCOVERED,0,,48,HOLD,15,9,4,12,0,3,5,1,False,False
ME-0261,Slow-Moving Inventory Campaign Builder,HERMES_MEGA_MONEY_ENGINE_PART_3_OF_5.md,HERMES_MEGA_MONEY_ENGINE_PART_3_OF_5.md:L10216,content_ops,retail/product businesses,,Create campaigns and offer concepts to move ageing stock.,149,799,$149–$799/project or month,False,7,None,low,5/5,,DISCOVERED,0,,48,HOLD,13,16,8,5,0,5,1,1,False,True
ME-0288,Backorder Communication Engine,HERMES_MEGA_MONEY_ENGINE_PART_3_OF_5.md,HERMES_MEGA_MONEY_ENGINE_PART_3_OF_5.md:L14617,content_ops,product businesses,,Prepare customer/internal messages when stock is delayed.,149,799,$149–$799/project or month,False,7,None,low,5/5,,DISCOVERED,0,,48,HOLD,13,16,8,5,0,5,1,1,False,True
ME-0245,Service Mix Optimiser,HERMES_MEGA_MONEY_ENGINE_PART_3_OF_5.md,HERMES_MEGA_MONEY_ENGINE_PART_3_OF_5.md:L7608,strategy,multi-service businesses,,"Recommend which services deserve more or less marketing based on margin, capacity and demand.",299,1500,"$299–$1,500/project",False,7,None,medium,4/5,,DISCOVERED,0,,45,HOLD,13,12,8,7,0,4,1,1,False,True
ME-0354,Product Description Factory,HERMES_MEGA_MONEY_ENGINE_PART_4_OF_5.md,HERMES_MEGA_MONEY_ENGINE_PART_4_OF_5.md:L8715,,ecommerce stores with weak product copy,,Rewrite product descriptions at scale from verified catalogue facts.,500,500,"**NZ$500–2,000/batch**",False,7,None,medium,,,DISCOVERED,0,,43,HOLD,17,5,4,7,6,3,1,1,False,True
ME-0359,Customer Enquiry Response Library,HERMES_MEGA_MONEY_ENGINE_PART_4_OF_5.md,HERMES_MEGA_MONEY_ENGINE_PART_4_OF_5.md:L9745,,businesses with repetitive enquiries,,Create reusable answers for top 50 enquiry types.,299,299,**NZ$299–799**,False,7,None,medium,,,DISCOVERED,0,,43,HOLD,17,5,4,7,6,3,1,1,False,True
ME-0360,Digital Receptionist Setup,HERMES_MEGA_MONEY_ENGINE_PART_4_OF_5.md,HERMES_MEGA_MONEY_ENGINE_PART_4_OF_5.md:L9951,,small businesses with repetitive incoming messages,,"Build FAQ knowledge base, qualification flow and escalation rules.",500,500,"**NZ$500–1,500**",False,7,None,medium,,,DISCOVERED,0,,43,HOLD,17,5,4,7,6,3,1,1,False,True
ME-0363,Agency Overflow Prospecting,HERMES_MEGA_MONEY_ENGINE_PART_4_OF_5.md,HERMES_MEGA_MONEY_ENGINE_PART_4_OF_5.md:L10569,,white-label providers,,Research agencies showing workload/growth signals and prepare personalised overflow-capacity pitches.,299,299,**NZ$299–750**,False,7,None,medium,,,DISCOVERED,0,,43,HOLD,17,5,4,7,6,3,1,1,False,True
ME-0365,Customer Complaint Intelligence,HERMES_MEGA_MONEY_ENGINE_PART_4_OF_5.md,HERMES_MEGA_MONEY_ENGINE_PART_4_OF_5.md:L10981,,customer-facing businesses,,"Cluster complaints/reviews into causes, severity and recommended improvements.",299,299,**NZ$299–799**,False,7,None,medium,,,DISCOVERED,0,,43,HOLD,17,5,4,7,6,3,1,1,False,True
ME-0001,MONEY ENGINE 01 — CATALYX FLOORING LEAD GENERATION,HERMES_MEGA_MONEY_ENGINE_PART_1_OF_5.md,HERMES_MEGA_MONEY_ENGINE_PART_1_OF_5.md:L1180,,,,"Use the existing CATALYX Flooring catalogue. Core products: - GF-01 Garage Essential. - GF-02 Garage Premium. - GF-03 Garage Grip. - GF-04 Metallic Designer. - GF-05 Flake system. - Preparation, grinding, repairs, levelling, moisture remediation.",None,None,,False,7,None,medium,,,DISCOVERED,0,,41,HOLD,17,5,4,5,6,3,1,1,False,True
ME-0005,MONEY ENGINE 06 — TRADIE TENDER / RFQ ASSISTANT,HERMES_MEGA_MONEY_ENGINE_PART_1_OF_5.md,HERMES_MEGA_MONEY_ENGINE_PART_1_OF_5.md:L1715,,,,Help small contractors interpret and prepare tender submissions.,None,None,,False,21,0,medium,,,DISCOVERED,0,,41,HOLD,10,9,4,12,0,3,3,1,True,False
ME-0351,Supplier Quote Comparison,HERMES_MEGA_MONEY_ENGINE_PART_4_OF_5.md,HERMES_MEGA_MONEY_ENGINE_PART_4_OF_5.md:L8097,,buyers and procurement teams,,"Normalise 3–10 supplier quotes, identify hidden differences and create clarification questions.",99,99,**NZ$99–399**,False,7,None,medium,,,DISCOVERED,0,,41,HOLD,17,5,4,5,6,3,1,1,False,True
ME-0361,Proposal Generation Service,HERMES_MEGA_MONEY_ENGINE_PART_4_OF_5.md,HERMES_MEGA_MONEY_ENGINE_PART_4_OF_5.md:L10157,,"consultants, agencies, commercial trades",,Turn supplied scope and commercial inputs into polished proposals.,49,49,**NZ$49–199 each**,False,7,None,medium,,,DISCOVERED,0,,41,HOLD,17,5,4,5,6,3,1,1,False,True
ME-0369,Local Partnership Finder,HERMES_MEGA_MONEY_ENGINE_PART_4_OF_5.md,HERMES_MEGA_MONEY_ENGINE_PART_4_OF_5.md:L12011,,local complementary businesses,,Find referral partners and prepare partnership pitches.,199,199,**NZ$199–499**,False,7,None,medium,,,DISCOVERED,0,,41,HOLD,17,5,4,5,6,3,1,1,False,True
ME-0370,Referral Programme Setup,HERMES_MEGA_MONEY_ENGINE_PART_4_OF_5.md,HERMES_MEGA_MONEY_ENGINE_PART_4_OF_5.md:L12217,,service businesses,,"Create referral offer, customer messages, staff scripts and tracking structure.",199,199,**NZ$199–599**,False,7,None,medium,,,DISCOVERED,0,,41,HOLD,17,5,4,5,6,3,1,1,False,True
ME-0460,Poor Review Lead Finder,HERMES_MEGA_MONEY_ENGINE_PART_5_OF_5.md,HERMES_MEGA_MONEY_ENGINE_PART_5_OF_5.md:L11914,trigger_leads,reputation/customer experience providers,,Find businesses with relevant review pain and create proof.,199,199,**NZ$199–599**,False,7,None,medium,,,DISCOVERED,0,,41,HOLD,17,5,4,5,6,3,1,1,False,True
ME-0337,Dormant Lead Reactivation,HERMES_MEGA_MONEY_ENGINE_PART_4_OF_5.md,HERMES_MEGA_MONEY_ENGINE_PART_4_OF_5.md:L4183,,quote-heavy businesses with old enquiries,,Segment old leads and prepare reactivation campaigns designed to recover previously paid-for opportunities.,300,300,"**NZ$300–1,000**",False,21,None,medium,,,DISCOVERED,0,,38,KILL,12,5,4,7,6,3,1,2,True,True
ME-0343,CRM Cleanup + Lead Prioritisation,HERMES_MEGA_MONEY_ENGINE_PART_4_OF_5.md,HERMES_MEGA_MONEY_ENGINE_PART_4_OF_5.md:L6037,,businesses with messy customer/lead databases,,"Clean, dedupe, segment and rank CRM records into an actionable sales queue.",299,299,"**NZ$299–1,000**",False,21,None,medium,,,DISCOVERED,0,,38,KILL,12,5,4,7,6,3,1,1,True,True
ME-0353,Product Catalogue Cleanup,HERMES_MEGA_MONEY_ENGINE_PART_4_OF_5.md,HERMES_MEGA_MONEY_ENGINE_PART_4_OF_5.md:L8509,,wholesalers and ecommerce businesses,,"Standardise names, categories, attributes, descriptions and flag missing data.",299,299,"**NZ$299–1,500**",False,21,None,medium,,,DISCOVERED,0,,38,KILL,12,5,4,7,6,3,1,1,True,True
ME-0010,MONEY ENGINE 11 — PROPERTY MANAGEMENT MAINTENANCE ASSISTANT,HERMES_MEGA_MONEY_ENGINE_PART_1_OF_5.md,HERMES_MEGA_MONEY_ENGINE_PART_1_OF_5.md:L1943,,,,Help property managers convert notes/photos into organised maintenance workflows.,None,None,,False,7,None,medium,,,DISCOVERED,0,,36,KILL,13,10,4,5,0,3,1,1,False,True
ME-0004,MONEY ENGINE 05 — QUOTE PREPARATION SERVICE FOR TRADIES,HERMES_MEGA_MONEY_ENGINE_PART_1_OF_5.md,HERMES_MEGA_MONEY_ENGINE_PART_1_OF_5.md:L1642,,,,Save tradespeople admin time and improve professionalism.,None,None,,False,21,None,medium,,,DISCOVERED,0,,28,KILL,10,5,4,5,0,3,1,1,False,True
